id,price,speed,quality,support,clarity,type
1,9,7,5,3,2,ukraine
2,8,6,6,3,3,ukraine
3,3,8,9,4,5,world
4,9,7,6,2,1,ukraine
5,9,7,6,3,2,ukraine
6,4,8,10,2,6,world
7,8,7,5,2,2,ukraine
8,9,6,5,2,3,ukraine
9,10,6,6,3,3,ukraine
10,9,6,5,3,2,ukraine
11,10,6,6,3,1,ukraine
12,9,7,6,2,3,ukraine
13,10,7,5,3,1,ukraine
14,9,6,6,2,3,ukraine
15,10,6,5,3,2,ukraine
16,10,7,6,3,3,ukraine
17,3,8,10,4,5,world
18,8,6,6,2,2,ukraine
19,10,7,5,2,1,ukraine
20,4,8,10,3,6,world
21,8,7,6,3,1,ukraine
22,10,7,6,2,3,ukraine
23,9,7,6,3,1,ukraine
24,3,7,10,3,6,world
25,9,6,6,2,1,ukraine
26,8,7,5,2,1,ukraine
27,8,7,6,3,2,ukraine
28,8,6,6,2,2,ukraine
29,9,7,5,2,1,ukraine
30,9,6,6,2,1,ukraine
31,9,6,6,3,2,ukraine
32,3,8,10,3,6,world
33,4,8,9,3,6,world
34,8,6,5,2,1,ukraine
35,9,6,6,2,3,ukraine
36,9,7,6,3,3,ukraine
37,10,6,6,3,1,ukraine
38,9,6,5,2,1,ukraine
39,4,8,10,4,5,world
40,8,7,5,3,3,ukraine
41,9,7,5,2,1,ukraine
42,10,7,6,3,3,ukraine
43,8,7,5,3,1,ukraine
44,10,7,5,3,3,ukraine
45,10,6,5,3,1,ukraine
46,10,6,6,3,3,ukraine
47,10,6,6,2,2,ukraine
48,3,7,10,2,6,world
49,8,7,5,2,1,ukraine
50,9,7,5,3,3,ukraine
51,8,6,5,2,1,ukraine
52,8,6,5,3,2,ukraine
53,8,6,6,3,1,ukraine
54,10,6,5,3,3,ukraine
55,4,8,9,2,5,world
56,3,8,9,2,5,world
57,9,7,5,3,1,ukraine
58,9,6,6,2,2,ukraine
59,3,8,9,3,5,world
60,3,8,10,3,5,world
61,4,7,10,2,5,world
62,10,7,6,2,3,ukraine
63,10,6,6,2,2,ukraine
64,9,6,5,3,2,ukraine
65,10,6,5,3,2,ukraine
66,9,7,5,3,1,ukraine
67,3,8,9,2,5,world
68,4,8,9,2,6,world
69,3,7,9,2,5,world
70,3,8,10,4,5,world
71,3,7,9,2,6,world
72,8,6,6,3,2,ukraine
73,3,8,9,4,6,world
74,9,6,5,2,1,ukraine
75,10,6,6,2,2,ukraine
76,9,6,6,2,3,ukraine
77,4,8,9,4,5,world
78,4,8,10,3,6,world
79,10,6,5,2,3,ukraine
80,8,7,6,3,2,ukraine
81,8,6,6,3,3,ukraine
82,8,6,5,3,2,ukraine
83,4,8,9,4,5,world
84,4,8,10,2,6,world
85,10,6,5,3,2,ukraine
86,3,7,9,3,6,world
87,4,7,9,3,6,world
88,3,8,9,2,5,world
89,8,6,5,2,1,ukraine
90,9,7,5,2,2,ukraine
91,10,6,5,2,1,ukraine
92,8,6,5,2,2,ukraine
93,9,7,5,2,1,ukraine
94,8,6,5,2,2,ukraine
95,10,6,5,3,1,ukraine
96,9,7,6,3,3,ukraine
97,9,7,6,2,2,ukraine
98,3,8,10,2,5,world
99,10,7,6,3,2,ukraine
100,3,7,9,4,6,world
101,9,6,5,2,2,ukraine
102,3,7,10,4,5,world
103,8,6,6,2,1,ukraine
104,8,7,5,2,3,ukraine
105,10,7,5,3,2,ukraine
106,10,6,6,2,1,ukraine
107,8,6,5,2,3,ukraine
108,4,8,9,4,6,world
109,9,6,5,2,2,ukraine
110,3,8,10,4,5,world
111,8,7,5,3,2,ukraine
112,9,7,6,2,2,ukraine
113,9,7,6,2,1,ukraine
114,10,7,5,3,2,ukraine
115,8,7,5,2,3,ukraine
116,9,6,5,2,1,ukraine
117,8,7,6,2,2,ukraine
118,9,6,6,3,1,ukraine
119,9,6,6,3,1,ukraine
120,8,6,5,3,1,ukraine
121,10,7,6,3,1,ukraine
122,3,7,9,2,6,world
123,9,7,5,3,1,ukraine
124,9,6,6,3,3,ukraine
125,10,7,5,3,2,ukraine
126,10,7,5,2,2,ukraine
127,9,7,5,2,1,ukraine
128,10,6,5,2,2,ukraine
129,10,7,6,2,1,ukraine
130,9,6,6,3,2,ukraine
131,9,7,6,2,3,ukraine
132,8,7,6,2,3,ukraine
133,9,6,5,3,2,ukraine
134,10,7,5,2,3,ukraine
135,8,7,6,3,1,ukraine
136,8,7,5,2,1,ukraine
137,9,7,5,3,1,ukraine
138,9,6,6,2,3,ukraine
139,9,7,6,3,1,ukraine
140,9,6,6,3,1,ukraine
141,3,7,9,2,5,world
142,8,7,5,2,1,ukraine
143,3,8,10,4,5,world
144,9,7,5,2,1,ukraine
145,9,6,5,3,1,ukraine
146,8,7,6,2,2,ukraine
147,10,7,5,3,1,ukraine
148,9,7,5,2,1,ukraine
149,8,6,6,2,1,ukraine
150,10,7,6,2,2,ukraine
151,4,7,9,4,6,world
152,8,6,5,2,3,ukraine
153,8,7,5,3,1,ukraine
154,3,8,10,2,5,world
155,8,6,6,2,3,ukraine
156,10,7,5,3,3,ukraine
157,3,8,10,3,6,world
158,9,6,6,2,1,ukraine
159,3,7,9,2,5,world
160,10,6,5,3,2,ukraine
161,3,8,10,3,6,world
162,9,7,5,2,1,ukraine
163,3,7,9,2,6,world
164,9,7,5,3,2,ukraine
165,9,6,6,2,2,ukraine
166,9,6,6,3,1,ukraine
167,8,7,6,2,3,ukraine
168,8,6,5,3,2,ukraine
169,8,7,5,3,2,ukraine
170,4,8,10,2,6,world
171,8,7,6,3,3,ukraine
172,3,8,10,2,6,world
173,10,7,6,2,2,ukraine
174,10,7,5,2,2,ukraine
175,4,7,9,2,6,world
176,10,7,6,3,2,ukraine
177,3,7,9,2,5,world
178,8,7,6,3,3,ukraine
179,9,7,6,3,2,ukraine
180,10,7,5,2,2,ukraine
181,8,7,6,3,2,ukraine
182,9,6,5,2,1,ukraine
183,3,7,10,4,6,world
184,9,6,5,2,3,ukraine
185,4,7,9,4,5,world
186,4,7,9,2,5,world
187,8,7,5,3,2,ukraine
188,3,7,9,4,6,world
189,10,6,6,3,3,ukraine
190,9,6,6,2,2,ukraine
191,9,6,5,3,2,ukraine
192,10,6,6,3,2,ukraine
193,9,6,6,3,3,ukraine
194,10,7,6,3,2,ukraine
195,9,6,5,2,2,ukraine
196,8,7,6,3,2,ukraine
197,9,7,5,3,1,ukraine
198,3,7,9,3,5,world
199,8,6,5,2,1,ukraine
200,10,6,6,2,3,ukraine
201,8,6,5,3,1,ukraine
202,9,7,6,3,3,ukraine
203,8,6,6,2,2,ukraine
204,9,7,6,3,2,ukraine
205,9,7,6,3,3,ukraine
206,8,7,6,2,1,ukraine
207,10,7,6,2,3,ukraine
208,9,7,6,2,2,ukraine
209,9,6,6,3,2,ukraine
210,3,8,9,4,5,world
211,9,7,5,2,2,ukraine
212,10,6,5,3,1,ukraine
213,8,6,6,2,2,ukraine
214,8,7,5,2,3,ukraine
215,3,7,9,4,6,world
216,8,6,5,2,1,ukraine
217,9,6,6,3,2,ukraine
218,9,6,6,2,3,ukraine
219,9,6,6,2,1,ukraine
220,8,6,5,3,3,ukraine
221,4,8,10,3,6,world
222,8,7,5,2,1,ukraine
223,9,6,5,3,3,ukraine
224,9,6,6,3,1,ukraine
225,8,7,6,2,2,ukraine
226,8,6,6,3,2,ukraine
227,10,6,6,2,1,ukraine
228,9,6,6,2,2,ukraine
229,8,6,5,2,3,ukraine
230,3,7,10,4,5,world
231,10,7,6,2,1,ukraine
232,9,7,5,2,1,ukraine
233,8,7,6,3,2,ukraine
234,8,6,6,2,2,ukraine
235,10,6,5,3,1,ukraine
236,4,8,10,2,5,world
237,3,8,10,3,6,world
238,8,7,5,2,3,ukraine
239,10,6,5,2,1,ukraine
240,9,6,6,3,1,ukraine
241,8,7,5,2,2,ukraine
242,8,6,6,2,1,ukraine
243,9,7,5,2,3,ukraine
244,8,7,5,3,1,ukraine
245,3,8,9,4,6,world
246,8,6,5,3,2,ukraine
247,9,6,5,2,3,ukraine
248,10,6,5,2,3,ukraine
249,9,7,6,2,3,ukraine
250,10,7,5,3,3,ukraine
251,9,7,5,3,3,ukraine
252,10,7,6,2,1,ukraine
253,9,7,5,3,2,ukraine
254,8,6,6,3,3,ukraine
255,3,7,10,3,6,world
256,4,8,10,3,5,world
257,10,7,6,2,2,ukraine
258,10,6,6,2,2,ukraine
259,8,7,5,2,3,ukraine
260,3,8,10,4,6,world
261,9,6,6,2,3,ukraine
262,10,7,5,2,3,ukraine
263,4,7,9,4,6,world
264,9,6,5,2,1,ukraine
265,4,7,10,3,5,world
266,10,6,5,2,3,ukraine
267,3,8,10,4,6,world
268,10,7,6,2,1,ukraine
269,10,7,6,3,2,ukraine
270,10,7,5,2,2,ukraine
271,8,7,5,3,1,ukraine
272,10,7,5,3,2,ukraine
273,10,7,6,2,1,ukraine
274,10,7,5,3,3,ukraine
275,8,7,6,3,3,ukraine
276,10,7,6,3,1,ukraine
277,8,6,6,3,2,ukraine
278,8,7,6,3,3,ukraine
279,8,7,5,3,1,ukraine
280,8,6,6,2,1,ukraine
281,9,6,5,2,1,ukraine
282,9,7,5,3,1,ukraine
283,9,6,6,2,1,ukraine
284,10,6,5,2,3,ukraine
285,4,7,9,4,6,world
286,9,7,6,3,1,ukraine
287,10,6,5,2,2,ukraine
288,8,7,5,2,3,ukraine
289,3,7,10,3,5,world
290,3,7,10,2,5,world
291,8,6,6,2,3,ukraine
292,10,7,6,3,3,ukraine
293,9,6,5,3,1,ukraine
294,10,7,6,2,2,ukraine
295,10,6,6,3,1,ukraine
296,9,7,5,3,2,ukraine
297,8,7,6,3,3,ukraine
298,8,6,6,3,3,ukraine
299,10,7,5,3,3,ukraine
300,8,7,6,3,3,ukraine
301,9,7,5,2,3,ukraine
302,8,7,6,2,2,ukraine
303,8,6,6,2,1,ukraine
304,8,6,5,2,2,ukraine
305,4,7,9,4,5,world
306,9,7,6,2,2,ukraine
307,8,7,6,3,2,ukraine
308,10,6,6,3,1,ukraine
309,10,6,5,3,1,ukraine
310,9,6,5,3,1,ukraine
311,10,7,5,2,3,ukraine
312,9,6,6,2,2,ukraine
313,10,6,6,3,2,ukraine
314,4,8,10,2,5,world
315,9,7,5,3,1,ukraine
316,9,7,6,2,3,ukraine
317,8,7,6,3,3,ukraine
318,10,7,5,2,2,ukraine
319,4,7,9,2,6,world
320,8,7,5,2,2,ukraine
321,10,7,6,3,3,ukraine
322,3,7,9,3,6,world
323,3,7,10,3,5,world
324,9,6,5,3,1,ukraine
325,9,7,5,2,2,ukraine
326,8,6,6,3,2,ukraine
327,10,7,6,2,1,ukraine
328,8,6,5,3,2,ukraine
329,9,7,5,3,1,ukraine
330,9,7,5,3,3,ukraine
331,10,6,5,2,3,ukraine
332,8,7,5,2,3,ukraine
333,4,8,9,2,6,world
334,8,7,5,2,2,ukraine
335,10,7,6,3,3,ukraine
336,10,6,5,2,2,ukraine
337,9,6,6,2,1,ukraine
338,3,7,9,2,5,world
339,8,6,5,3,1,ukraine
340,8,7,5,2,3,ukraine
341,4,8,9,3,6,world
342,9,7,5,3,2,ukraine
343,10,6,5,2,2,ukraine
344,8,6,5,3,2,ukraine
345,3,8,9,4,5,world
346,10,7,5,2,2,ukraine
347,8,6,6,2,2,ukraine
348,9,6,5,3,3,ukraine
349,9,6,6,2,1,ukraine
350,9,7,6,3,2,ukraine
351,8,6,5,2,2,ukraine
352,3,7,9,2,6,world
353,10,7,6,2,3,ukraine
354,9,6,5,3,1,ukraine
355,3,8,9,2,5,world
356,9,7,6,3,3,ukraine
357,9,7,6,2,1,ukraine
358,9,7,6,2,2,ukraine
359,10,6,6,3,1,ukraine
360,3,8,9,3,5,world
361,8,6,6,3,2,ukraine
362,8,6,6,3,3,ukraine
363,9,7,6,3,3,ukraine
364,10,7,6,3,2,ukraine
365,10,7,6,2,2,ukraine
366,10,6,6,3,2,ukraine
367,10,6,5,3,1,ukraine
368,8,6,6,3,2,ukraine
369,10,7,6,3,2,ukraine
370,8,7,6,2,3,ukraine
371,3,8,10,3,6,world
372,9,6,5,2,2,ukraine
373,3,8,9,2,5,world
374,8,7,6,3,2,ukraine
375,4,7,10,3,6,world
376,8,6,6,2,2,ukraine
377,9,7,5,2,3,ukraine
378,8,7,5,2,3,ukraine
379,3,8,10,4,5,world
380,10,7,5,2,2,ukraine
381,3,8,9,4,5,world
382,10,7,6,3,1,ukraine
383,3,8,10,3,5,world
384,8,7,5,3,1,ukraine
385,9,6,6,3,1,ukraine
386,10,6,5,2,1,ukraine
387,10,7,5,2,2,ukraine
388,8,6,5,3,1,ukraine
389,10,6,5,2,1,ukraine
390,4,7,9,3,6,world
391,9,6,5,2,2,ukraine
392,8,7,5,3,1,ukraine
393,9,6,6,3,3,ukraine
394,8,6,6,3,1,ukraine
395,8,7,5,3,2,ukraine
396,10,6,6,3,1,ukraine
397,3,8,10,2,5,world
398,10,6,6,3,3,ukraine
399,8,6,5,2,3,ukraine
400,8,7,5,2,3,ukraine
401,10,7,6,2,1,ukraine
402,10,6,5,3,3,ukraine
403,9,7,6,2,2,ukraine
404,8,7,6,2,1,ukraine
405,8,6,6,2,3,ukraine
406,10,7,5,3,1,ukraine
407,10,7,5,2,1,ukraine
408,3,8,10,2,5,world
409,4,8,9,2,5,world
410,10,6,5,3,2,ukraine
411,4,7,10,4,6,world
412,9,7,5,3,2,ukraine
413,3,8,9,3,5,world
414,8,6,6,2,1,ukraine
415,8,7,6,3,1,ukraine
416,8,7,5,3,3,ukraine
417,8,6,6,2,3,ukraine
418,3,7,10,4,6,world
419,9,7,5,2,3,ukraine
420,8,6,6,3,1,ukraine
421,3,8,10,3,6,world
422,9,6,6,3,1,ukraine
423,8,6,5,3,1,ukraine
424,4,7,10,2,5,world
425,3,7,9,4,5,world
426,3,8,9,3,6,world
427,8,7,5,2,1,ukraine
428,4,7,10,2,5,world
429,4,8,9,4,5,world
430,9,7,5,2,3,ukraine
431,10,7,5,3,1,ukraine
432,10,6,6,3,2,ukraine
433,10,6,5,3,1,ukraine
434,8,7,6,3,3,ukraine
435,3,8,9,3,6,world
436,10,7,6,3,1,ukraine
437,9,6,6,3,1,ukraine
438,10,7,6,3,1,ukraine
439,10,6,6,3,2,ukraine
440,10,7,5,2,2,ukraine
441,8,6,5,2,2,ukraine
442,10,7,5,3,3,ukraine
443,8,7,6,2,3,ukraine
444,3,8,10,3,5,world
445,10,6,6,3,3,ukraine
446,10,7,6,2,2,ukraine
447,4,7,9,2,6,world
448,3,8,10,2,6,world
449,9,7,6,2,1,ukraine
450,10,7,5,2,2,ukraine
451,8,6,5,3,2,ukraine
452,10,6,5,3,2,ukraine
453,10,7,6,3,2,ukraine
454,4,8,10,3,6,world
455,3,7,9,3,5,world
456,3,8,10,2,6,world
457,9,6,6,2,3,ukraine
458,9,7,6,2,1,ukraine
459,10,7,5,3,1,ukraine
460,9,6,6,3,2,ukraine
461,9,6,6,3,1,ukraine
462,4,7,9,4,6,world
463,9,6,6,2,2,ukraine
464,3,8,9,2,5,world
465,3,7,10,3,6,world
466,9,6,5,2,2,ukraine
467,9,7,6,3,1,ukraine
468,10,6,6,2,2,ukraine
469,10,7,5,3,2,ukraine
470,9,7,6,2,1,ukraine
471,8,6,5,3,2,ukraine
472,9,7,6,3,2,ukraine
473,8,6,5,2,3,ukraine
474,10,7,6,3,1,ukraine
475,9,7,6,2,2,ukraine
476,10,7,5,2,2,ukraine
477,9,7,5,2,3,ukraine
478,9,6,6,3,3,ukraine
479,8,6,5,3,3,ukraine
480,10,7,5,3,2,ukraine
481,10,7,6,2,2,ukraine
482,8,6,5,2,3,ukraine
483,10,7,6,2,2,ukraine
484,8,7,5,2,3,ukraine
485,10,7,6,2,1,ukraine
486,10,7,5,2,3,ukraine
487,9,7,5,3,2,ukraine
488,3,7,10,3,5,world
489,10,6,5,3,2,ukraine
490,8,6,5,2,2,ukraine
491,10,7,5,3,1,ukraine
492,9,7,5,2,2,ukraine
493,3,8,10,4,5,world
494,10,7,6,2,2,ukraine
495,9,6,5,2,3,ukraine
496,3,7,9,2,5,world
497,8,6,6,2,1,ukraine
498,4,7,10,2,6,world
499,4,8,9,3,5,world
500,9,7,6,2,3,ukraine
501,3,8,10,3,6,world
502,8,7,5,3,1,ukraine
503,9,6,5,3,3,ukraine
504,9,6,5,2,3,ukraine
505,9,7,5,3,2,ukraine
506,9,6,6,2,2,ukraine
507,9,6,6,2,3,ukraine
508,8,7,5,2,1,ukraine
509,9,7,6,3,2,ukraine
510,10,7,6,2,2,ukraine
511,9,6,6,2,1,ukraine
512,3,8,9,2,5,world
513,8,7,5,3,2,ukraine
514,9,7,6,2,3,ukraine
515,10,6,5,2,1,ukraine
516,9,7,6,3,3,ukraine
517,10,6,5,2,2,ukraine
518,9,6,6,3,2,ukraine
519,8,6,5,2,2,ukraine
520,8,6,5,2,1,ukraine
521,4,8,10,4,5,world
522,8,6,6,2,3,ukraine
523,8,7,5,3,2,ukraine
524,9,7,5,2,2,ukraine
525,4,7,9,3,5,world
526,9,6,6,3,3,ukraine
527,8,6,5,2,3,ukraine
528,8,7,6,3,3,ukraine
529,4,7,10,2,6,world
530,10,7,6,2,1,ukraine
531,9,6,5,3,3,ukraine
532,8,6,5,3,3,ukraine
533,4,8,9,4,6,world
534,10,6,6,3,2,ukraine
535,4,8,10,2,5,world
536,10,7,6,3,1,ukraine
537,9,6,6,2,3,ukraine
538,9,7,6,2,2,ukraine
539,3,7,9,4,6,world
540,4,7,9,4,5,world
541,8,7,5,2,3,ukraine
542,3,7,9,3,5,world
543,9,7,6,2,2,ukraine
544,10,7,6,3,3,ukraine
545,8,6,5,2,2,ukraine
546,8,6,5,2,2,ukraine
547,9,7,6,3,1,ukraine
548,4,8,9,4,5,world
549,10,6,5,3,1,ukraine
550,10,7,6,3,1,ukraine
551,10,7,6,2,2,ukraine
552,10,6,5,2,2,ukraine
553,9,7,6,2,2,ukraine
554,4,8,10,4,5,world
555,9,6,5,3,2,ukraine
556,3,8,9,4,5,world
557,3,8,9,3,5,world
558,8,6,5,3,1,ukraine
559,10,7,6,2,3,ukraine
560,3,7,9,3,5,world
561,9,7,6,3,1,ukraine
562,10,6,6,2,1,ukraine
563,10,7,5,3,1,ukraine
564,9,7,6,3,1,ukraine
565,8,7,6,3,3,ukraine
566,10,7,6,3,1,ukraine
567,10,6,5,2,3,ukraine
568,8,6,5,2,2,ukraine
569,9,7,6,2,1,ukraine
570,4,8,10,2,6,world
571,8,7,6,2,3,ukraine
572,10,6,6,2,1,ukraine
573,10,7,6,3,3,ukraine
574,10,6,6,2,1,ukraine
575,8,7,5,2,2,ukraine
576,8,7,5,3,3,ukraine
577,8,7,6,3,3,ukraine
578,8,6,5,3,3,ukraine
579,10,7,6,2,1,ukraine
580,10,6,6,3,3,ukraine
581,8,6,5,2,1,ukraine
582,8,6,6,2,3,ukraine
583,4,7,10,4,5,world
584,10,7,6,3,3,ukraine
585,10,7,6,2,2,ukraine
586,10,6,5,2,3,ukraine
587,10,7,6,2,3,ukraine
588,8,6,6,3,1,ukraine
589,3,7,10,4,5,world
590,9,6,5,3,2,ukraine
591,8,7,6,3,3,ukraine
592,4,8,9,4,6,world
593,3,8,9,3,6,world
594,10,7,5,3,1,ukraine
595,9,7,6,2,3,ukraine
596,10,6,6,2,3,ukraine
597,4,7,9,3,6,world
598,4,8,10,3,5,world
599,10,7,5,2,1,ukraine
600,10,7,6,3,1,ukraine
601,4,7,9,3,6,world
602,10,7,5,2,1,ukraine
603,8,6,5,2,2,ukraine
604,9,6,5,3,2,ukraine
605,3,8,9,3,5,world
606,10,6,6,3,2,ukraine
607,10,7,6,3,3,ukraine
608,9,6,6,2,2,ukraine
609,4,7,9,4,5,world
610,9,6,5,2,1,ukraine
611,9,7,6,3,3,ukraine
612,9,6,6,3,1,ukraine
613,9,6,6,2,3,ukraine
614,9,6,6,2,2,ukraine
615,9,7,5,2,1,ukraine
616,8,6,6,2,3,ukraine
617,3,7,9,3,5,world
618,9,6,6,3,1,ukraine
619,9,6,5,2,3,ukraine
620,8,6,6,2,2,ukraine
621,10,6,5,3,2,ukraine
622,8,6,5,2,2,ukraine
623,10,7,5,2,2,ukraine
624,3,8,10,3,6,world
625,9,7,6,3,2,ukraine
626,9,6,5,3,3,ukraine
627,9,7,5,3,1,ukraine
628,8,7,6,3,3,ukraine
629,9,6,5,3,1,ukraine
630,3,7,10,3,6,world
631,10,6,5,3,2,ukraine
632,8,7,5,2,3,ukraine
633,9,7,6,3,1,ukraine
634,8,7,6,3,3,ukraine
635,4,8,10,2,5,world
636,8,7,5,2,1,ukraine
637,9,6,5,3,1,ukraine
638,8,7,6,3,3,ukraine
639,9,6,6,2,1,ukraine
640,8,7,5,3,2,ukraine
641,10,7,6,2,1,ukraine
642,8,6,5,2,2,ukraine
643,10,7,5,2,3,ukraine
644,3,7,10,4,5,world
645,8,6,6,3,2,ukraine
646,10,6,6,2,1,ukraine
647,10,6,5,3,3,ukraine
648,9,7,6,3,3,ukraine
649,9,7,6,2,1,ukraine
650,9,6,5,3,2,ukraine
651,8,6,5,3,3,ukraine
652,9,7,5,3,1,ukraine
653,10,6,6,3,1,ukraine
654,9,6,5,3,2,ukraine
655,8,6,6,2,3,ukraine
656,9,6,5,3,3,ukraine
657,10,7,5,3,2,ukraine
658,3,8,9,4,6,world
659,8,6,5,3,1,ukraine
660,10,6,5,3,2,ukraine
661,9,6,5,2,1,ukraine
662,9,7,5,3,2,ukraine
663,8,7,6,3,1,ukraine
664,9,7,5,2,1,ukraine
665,9,6,6,2,1,ukraine
666,8,7,6,2,3,ukraine
667,9,7,5,3,1,ukraine
668,10,7,6,3,1,ukraine
669,9,7,6,3,1,ukraine
670,8,6,6,3,1,ukraine
671,9,7,6,2,3,ukraine
672,4,7,10,4,6,world
673,8,7,6,3,2,ukraine
674,4,8,10,2,5,world
675,9,6,5,2,3,ukraine
676,8,6,6,2,2,ukraine
677,4,7,10,3,6,world
678,10,7,6,3,2,ukraine
679,4,7,9,4,5,world
680,10,7,6,3,1,ukraine
681,8,6,5,2,1,ukraine
682,10,7,6,3,1,ukraine
683,9,7,5,3,2,ukraine
684,8,6,5,3,2,ukraine
685,10,7,6,3,3,ukraine
686,10,6,6,3,2,ukraine
687,10,7,6,3,3,ukraine
688,8,6,5,3,2,ukraine
689,10,7,6,2,1,ukraine
690,8,7,5,3,2,ukraine
691,8,7,6,3,1,ukraine
692,10,7,6,2,2,ukraine
693,9,6,5,3,1,ukraine
694,10,6,5,3,3,ukraine
695,9,6,5,2,2,ukraine
696,10,6,6,3,2,ukraine
697,10,6,6,2,3,ukraine
698,10,7,6,2,3,ukraine
699,9,6,5,3,2,ukraine
700,9,6,5,3,1,ukraine
701,8,7,6,2,2,ukraine
702,10,6,5,3,1,ukraine
703,4,8,10,4,5,world
704,8,7,5,2,3,ukraine
705,9,7,5,2,3,ukraine
706,4,7,10,2,6,world
707,8,6,6,2,1,ukraine
708,8,6,6,3,3,ukraine
709,9,6,5,2,3,ukraine
710,8,6,6,2,1,ukraine
711,9,7,5,2,3,ukraine
712,3,7,9,3,5,world
713,9,6,5,2,1,ukraine
714,8,7,6,3,2,ukraine
715,8,7,5,2,1,ukraine
716,3,7,10,2,5,world
717,10,7,6,2,3,ukraine
718,8,6,5,2,3,ukraine
719,10,7,5,2,1,ukraine
720,3,7,9,4,5,world
721,4,7,9,2,5,world
722,10,7,6,2,2,ukraine
723,8,7,5,3,3,ukraine
724,3,7,9,3,6,world
725,10,6,5,3,3,ukraine
726,4,8,10,3,5,world
727,3,8,9,4,5,world
728,4,8,9,3,5,world
729,9,7,5,3,1,ukraine
730,8,7,5,2,1,ukraine
731,10,6,6,2,1,ukraine
732,9,6,6,2,3,ukraine
733,9,6,6,2,3,ukraine
734,8,6,5,3,1,ukraine
735,4,7,10,4,5,world
736,10,6,6,2,1,ukraine
737,8,6,6,3,1,ukraine
738,9,6,6,3,3,ukraine
739,10,7,6,2,3,ukraine
740,4,7,10,4,5,world
741,10,7,6,2,2,ukraine
742,10,6,6,3,2,ukraine
743,8,7,5,2,1,ukraine
744,10,6,6,2,3,ukraine
745,8,7,6,3,3,ukraine
746,10,7,5,3,1,ukraine
747,4,8,9,2,6,world
748,8,7,5,3,3,ukraine
749,8,6,6,3,2,ukraine
750,10,7,5,2,1,ukraine
751,9,7,5,3,1,ukraine
752,10,6,5,3,1,ukraine
753,8,6,5,2,1,ukraine
754,9,6,5,3,1,ukraine
755,8,7,5,2,2,ukraine
756,3,8,10,3,6,world
757,3,7,9,2,6,world
758,8,6,6,2,3,ukraine
759,3,7,9,4,5,world
760,10,7,6,3,3,ukraine
761,8,6,6,3,2,ukraine
762,9,7,6,3,3,ukraine
763,4,8,10,2,5,world
764,3,8,10,3,5,world
765,9,6,6,3,3,ukraine
766,3,8,9,4,5,world
767,9,7,6,3,3,ukraine
768,3,8,9,3,6,world
769,10,6,5,3,2,ukraine
770,4,8,9,3,5,world
771,8,6,5,3,1,ukraine
772,8,7,5,2,3,ukraine
773,3,8,9,2,5,world
774,10,6,6,2,2,ukraine
775,8,6,6,2,2,ukraine
776,10,7,6,2,3,ukraine
777,8,7,6,2,2,ukraine
778,4,8,9,2,6,world
779,9,7,5,3,1,ukraine
780,9,6,5,2,3,ukraine
781,4,8,10,4,6,world
782,3,8,10,4,6,world
783,8,6,5,2,3,ukraine
784,8,6,5,3,2,ukraine
785,10,7,6,2,1,ukraine
786,8,7,5,3,3,ukraine
787,9,7,5,3,3,ukraine
788,10,7,6,2,2,ukraine
789,8,6,6,2,3,ukraine
790,8,6,5,2,3,ukraine
791,3,8,10,4,6,world
792,8,7,5,2,2,ukraine
793,8,7,6,2,2,ukraine
794,9,7,5,3,3,ukraine
795,10,6,6,3,1,ukraine
796,10,6,5,2,2,ukraine
797,9,6,6,3,3,ukraine
798,9,7,5,3,3,ukraine
799,8,6,6,3,2,ukraine
800,10,7,5,2,1,ukraine
801,4,8,10,3,5,world
802,8,6,6,2,2,ukraine
803,3,8,9,2,5,world
804,10,6,5,2,3,ukraine
805,4,7,9,4,6,world
806,8,6,6,3,1,ukraine
807,9,6,6,3,1,ukraine
808,10,6,6,3,3,ukraine
809,8,7,6,2,1,ukraine
810,10,6,6,2,2,ukraine
811,8,7,5,2,2,ukraine
812,9,6,5,3,3,ukraine
813,9,7,5,2,1,ukraine
814,10,6,5,2,3,ukraine
815,4,8,10,4,6,world
816,9,7,5,2,2,ukraine
817,3,8,9,4,5,world
818,3,7,10,2,5,world
819,9,7,6,3,2,ukraine
820,3,8,10,3,6,world
821,8,7,5,2,1,ukraine
822,8,7,5,3,3,ukraine
823,4,7,10,3,5,world
824,8,6,5,2,2,ukraine
825,4,8,10,2,6,world
826,4,7,9,3,6,world
827,10,6,5,3,1,ukraine
828,9,6,6,3,2,ukraine
829,8,6,5,3,1,ukraine
830,3,8,10,3,5,world
831,9,7,6,2,1,ukraine
832,10,6,6,2,3,ukraine
833,9,6,6,2,2,ukraine
834,10,7,6,3,3,ukraine
835,8,6,5,3,2,ukraine
836,10,7,6,2,3,ukraine
837,10,6,5,3,2,ukraine
838,4,7,9,3,6,world
839,8,7,6,3,2,ukraine
840,8,7,5,3,3,ukraine
841,10,6,6,3,2,ukraine
842,8,7,5,3,2,ukraine
843,9,7,6,3,3,ukraine
844,4,7,10,4,5,world
845,9,6,6,2,2,ukraine
846,10,7,6,2,2,ukraine
847,9,7,5,3,3,ukraine
848,10,6,5,3,2,ukraine
849,8,7,6,3,1,ukraine
850,8,7,5,3,1,ukraine
851,3,7,10,3,6,world
852,9,6,5,3,2,ukraine
853,8,6,5,3,1,ukraine
854,9,7,6,3,1,ukraine
855,10,6,5,2,2,ukraine
856,4,7,10,4,6,world
857,10,7,5,2,1,ukraine
858,3,7,9,4,6,world
859,3,7,9,3,5,world
860,10,7,6,3,1,ukraine
861,9,7,5,2,2,ukraine
862,9,7,6,2,2,ukraine
863,3,7,10,3,5,world
864,9,6,5,2,2,ukraine
865,10,7,6,3,2,ukraine
866,8,6,5,2,2,ukraine
867,10,6,5,2,1,ukraine
868,10,7,6,3,2,ukraine
869,10,6,6,2,2,ukraine
870,3,8,10,2,6,world
871,9,7,6,2,3,ukraine
872,10,6,5,2,2,ukraine
873,8,6,5,3,3,ukraine
874,8,6,6,2,3,ukraine
875,8,7,5,3,2,ukraine
876,8,6,5,3,2,ukraine
877,4,7,10,3,6,world
878,9,6,5,3,1,ukraine
879,10,7,6,2,3,ukraine
880,9,7,5,2,2,ukraine
881,4,7,9,3,6,world
882,8,7,6,3,2,ukraine
883,8,7,6,2,3,ukraine
884,9,7,5,2,2,ukraine
885,8,7,5,3,1,ukraine
886,10,6,6,3,2,ukraine
887,3,7,10,2,5,world
888,10,7,6,3,2,ukraine
889,8,6,6,3,1,ukraine
890,3,8,10,2,5,world
891,10,7,5,2,1,ukraine
892,9,7,6,2,2,ukraine
893,3,7,10,3,5,world
894,8,6,5,2,3,ukraine
895,8,7,5,3,1,ukraine
896,10,7,6,2,1,ukraine
897,8,6,6,2,1,ukraine
898,10,6,6,2,1,ukraine
899,10,6,6,2,3,ukraine
900,10,7,5,2,2,ukraine
901,4,7,10,2,5,world
902,8,7,6,3,1,ukraine
903,8,7,6,3,3,ukraine
904,10,6,5,3,1,ukraine
905,4,8,9,4,5,world
906,9,6,6,3,3,ukraine
907,10,6,6,3,2,ukraine
908,9,7,6,2,2,ukraine
909,4,7,9,3,6,world
910,9,6,6,3,2,ukraine
911,8,6,6,2,1,ukraine
912,9,7,5,3,3,ukraine
913,10,6,6,2,3,ukraine
914,8,6,6,2,2,ukraine
915,10,7,5,2,2,ukraine
916,3,8,9,3,6,world
917,3,8,9,2,5,world
918,10,6,5,3,2,ukraine
919,10,6,5,3,3,ukraine
920,4,7,9,3,6,world
921,10,7,5,3,3,ukraine
922,10,7,5,3,2,ukraine
923,4,7,9,4,6,world
924,10,7,6,2,1,ukraine
925,8,6,5,3,2,ukraine
926,4,7,10,2,6,world
927,3,8,9,3,6,world
928,9,6,6,3,3,ukraine
929,10,7,5,3,2,ukraine
930,8,6,6,2,2,ukraine
931,9,6,6,3,1,ukraine
932,10,6,5,3,1,ukraine
933,9,7,6,2,2,ukraine
934,10,7,5,3,3,ukraine
935,9,6,5,3,1,ukraine
936,3,7,9,2,5,world
937,3,7,10,3,6,world
938,10,6,6,2,1,ukraine
939,10,6,6,2,1,ukraine
940,4,7,9,3,5,world
941,8,7,6,3,3,ukraine
942,9,7,6,3,2,ukraine
943,10,7,6,3,1,ukraine
944,3,7,9,4,5,world
945,4,8,9,4,5,world
946,4,7,9,4,5,world
947,4,7,10,4,6,world
948,10,7,5,2,3,ukraine
949,4,7,10,2,5,world
950,3,8,10,4,5,world
951,10,7,6,3,2,ukraine
952,8,7,5,3,1,ukraine
953,8,6,5,3,1,ukraine
954,9,6,5,2,3,ukraine
955,10,6,5,3,3,ukraine
956,4,8,9,2,5,world
957,3,8,9,3,5,world
958,9,6,5,3,3,ukraine
959,10,7,5,2,2,ukraine
960,10,7,5,3,3,ukraine
961,8,6,5,2,2,ukraine
962,10,7,5,3,2,ukraine
963,8,6,5,2,3,ukraine
964,9,6,6,3,3,ukraine
965,9,6,5,2,3,ukraine
966,10,7,6,2,3,ukraine
967,8,6,6,3,3,ukraine
968,9,6,5,2,2,ukraine
969,3,8,9,3,5,world
970,10,7,5,2,2,ukraine
971,8,6,6,3,1,ukraine
972,9,6,6,3,1,ukraine
973,9,6,6,3,1,ukraine
974,8,6,6,3,2,ukraine
975,10,6,6,3,1,ukraine
976,8,6,5,3,3,ukraine
977,9,7,6,2,3,ukraine
978,8,6,5,3,1,ukraine
979,10,6,6,2,1,ukraine
980,3,7,10,4,6,world
981,8,6,6,3,3,ukraine
982,9,6,5,3,2,ukraine
983,10,7,6,3,2,ukraine
984,9,6,5,2,1,ukraine
985,8,6,6,3,2,ukraine
986,4,7,10,2,6,world
987,3,8,10,3,6,world
988,4,7,9,3,5,world
989,8,6,5,3,2,ukraine
990,9,6,5,3,1,ukraine
991,10,7,5,2,3,ukraine
992,4,7,9,3,5,world
993,9,7,6,2,2,ukraine
994,4,8,10,2,5,world
995,10,7,6,2,1,ukraine
996,9,7,6,2,3,ukraine
997,9,6,5,3,2,ukraine
998,10,7,5,2,3,ukraine
999,10,6,6,3,3,ukraine
1000,9,7,6,3,1,ukraine
1001,10,6,5,2,3,ukraine
1002,9,6,5,2,2,ukraine
1003,9,7,6,3,3,ukraine
1004,4,7,9,2,5,world
1005,8,7,6,3,1,ukraine
1006,10,6,6,2,2,ukraine
1007,10,7,6,2,2,ukraine
1008,10,6,5,3,3,ukraine
1009,8,6,5,3,3,ukraine
1010,10,6,5,2,2,ukraine
1011,10,7,5,3,3,ukraine
1012,8,6,5,2,3,ukraine
1013,4,7,9,3,5,world
1014,8,7,6,2,2,ukraine
1015,4,8,10,4,5,world
1016,4,8,9,3,6,world
1017,9,7,6,2,3,ukraine
1018,8,7,6,3,1,ukraine
1019,8,7,6,2,3,ukraine
1020,8,7,6,3,1,ukraine
1021,8,7,5,2,1,ukraine
1022,9,7,5,3,2,ukraine
1023,8,6,6,2,1,ukraine
1024,8,6,5,3,2,ukraine
1025,4,8,9,4,6,world
1026,9,7,6,3,3,ukraine
1027,8,7,5,3,1,ukraine
1028,9,6,6,3,1,ukraine
1029,9,7,6,3,2,ukraine
1030,9,6,5,3,1,ukraine
1031,9,6,5,2,1,ukraine
1032,10,7,5,2,1,ukraine
1033,9,7,5,2,3,ukraine
1034,10,7,6,2,1,ukraine
1035,10,7,6,2,2,ukraine
1036,9,7,5,3,1,ukraine
1037,9,7,5,2,1,ukraine
1038,10,7,5,3,3,ukraine
1039,8,6,6,3,1,ukraine
1040,3,7,9,4,5,world
1041,9,7,5,2,3,ukraine
1042,4,8,10,2,5,world
1043,3,8,10,4,6,world
1044,3,8,10,3,6,world
1045,8,6,6,2,2,ukraine
1046,3,8,9,2,5,world
1047,3,7,9,2,6,world
1048,8,6,6,2,2,ukraine
1049,8,7,5,3,1,ukraine
1050,8,7,5,2,1,ukraine
1051,8,7,6,2,3,ukraine
1052,9,6,5,2,2,ukraine
1053,8,6,5,2,2,ukraine
1054,3,8,10,2,5,world
1055,4,7,10,3,5,world
1056,8,7,5,2,3,ukraine
1057,10,6,5,3,1,ukraine
1058,8,7,5,2,1,ukraine
1059,3,7,9,2,5,world
1060,8,6,6,2,2,ukraine
1061,10,7,6,3,1,ukraine
1062,10,6,5,3,2,ukraine
1063,9,7,6,3,2,ukraine
1064,9,7,6,3,1,ukraine
1065,8,7,5,2,2,ukraine
1066,8,6,6,3,1,ukraine
1067,9,6,5,3,2,ukraine
1068,3,8,10,3,5,world
1069,9,7,6,3,1,ukraine
1070,4,7,10,4,5,world
1071,10,7,5,2,3,ukraine
1072,8,6,6,3,3,ukraine
1073,10,7,6,3,3,ukraine
1074,10,7,6,2,2,ukraine
1075,10,7,5,3,1,ukraine
1076,10,6,5,3,3,ukraine
1077,8,6,5,3,1,ukraine
1078,9,6,6,2,1,ukraine
1079,3,7,10,4,5,world
1080,9,7,6,2,1,ukraine
1081,9,6,6,3,2,ukraine
1082,9,6,6,3,2,ukraine
1083,10,7,5,2,2,ukraine
1084,4,8,10,2,5,world
1085,9,7,6,3,2,ukraine
1086,3,7,10,2,5,world
1087,8,7,6,3,1,ukraine
1088,10,6,5,2,2,ukraine
1089,8,6,5,3,3,ukraine
1090,9,7,5,2,2,ukraine
1091,8,7,6,3,3,ukraine
1092,8,6,6,3,2,ukraine
1093,9,6,5,2,2,ukraine
1094,8,7,6,3,3,ukraine
1095,8,6,6,3,2,ukraine
1096,8,6,6,3,1,ukraine
1097,10,6,6,2,2,ukraine
1098,8,6,5,2,1,ukraine
1099,10,6,6,2,3,ukraine
1100,8,7,6,2,2,ukraine
1101,9,6,5,3,2,ukraine
1102,9,7,5,2,3,ukraine
1103,4,7,10,3,6,world
1104,8,6,5,2,3,ukraine
1105,8,7,5,3,2,ukraine
1106,8,6,5,3,2,ukraine
1107,10,6,6,2,3,ukraine
1108,10,6,6,3,1,ukraine
1109,8,7,6,2,2,ukraine
1110,3,8,10,3,5,world
1111,3,8,9,4,5,world
1112,3,8,9,4,6,world
1113,8,6,6,2,1,ukraine
1114,9,6,5,3,1,ukraine
1115,10,7,5,2,3,ukraine
1116,8,7,5,3,2,ukraine
1117,10,6,6,2,2,ukraine
1118,9,6,6,3,3,ukraine
1119,8,6,6,3,2,ukraine
1120,3,7,9,2,6,world
1121,8,7,5,3,3,ukraine
1122,9,6,5,2,1,ukraine
1123,9,6,6,3,1,ukraine
1124,4,8,10,2,5,world
1125,8,7,5,2,2,ukraine
1126,10,6,5,2,2,ukraine
1127,8,6,6,2,1,ukraine
1128,8,6,5,3,2,ukraine
1129,9,6,6,3,1,ukraine
1130,10,7,6,3,1,ukraine
1131,3,7,9,2,5,world
1132,8,7,6,2,1,ukraine
1133,9,7,5,2,1,ukraine
1134,8,7,5,2,3,ukraine
1135,8,6,5,2,3,ukraine
1136,9,6,5,2,1,ukraine
1137,9,6,6,3,3,ukraine
1138,8,7,5,3,1,ukraine
1139,10,6,6,3,1,ukraine
1140,8,7,6,3,1,ukraine
1141,10,6,6,3,1,ukraine
1142,8,7,5,2,3,ukraine
1143,10,6,5,2,3,ukraine
1144,10,6,5,3,1,ukraine
1145,10,7,5,3,1,ukraine
1146,4,8,9,4,6,world
1147,9,6,5,3,1,ukraine
1148,10,6,5,2,1,ukraine
1149,10,6,5,2,3,ukraine
1150,9,7,5,3,3,ukraine
1151,9,6,5,3,2,ukraine
1152,4,7,10,4,6,world
1153,8,7,6,3,3,ukraine
1154,4,8,9,4,5,world
1155,10,6,6,3,1,ukraine
1156,10,7,6,3,3,ukraine
1157,9,7,6,3,2,ukraine
1158,9,6,6,3,1,ukraine
1159,9,7,6,3,1,ukraine
1160,10,7,6,3,2,ukraine
1161,9,6,6,2,3,ukraine
1162,8,6,5,3,1,ukraine
1163,10,6,6,3,3,ukraine
1164,9,6,6,3,1,ukraine
1165,9,6,6,2,3,ukraine
1166,4,8,9,3,6,world
1167,9,6,6,3,1,ukraine
1168,9,7,5,3,3,ukraine
1169,9,7,6,2,2,ukraine
1170,10,7,6,2,2,ukraine
1171,10,6,5,3,3,ukraine
1172,10,6,5,3,2,ukraine
1173,3,7,10,2,6,world
1174,3,7,10,3,5,world
1175,3,7,10,3,5,world
1176,10,6,6,2,1,ukraine
1177,3,7,10,3,6,world
1178,10,7,5,2,3,ukraine
1179,9,7,5,3,1,ukraine
1180,3,8,10,2,6,world
1181,9,6,5,3,2,ukraine
1182,8,7,5,2,3,ukraine
1183,4,7,10,3,6,world
1184,10,6,6,2,1,ukraine
1185,10,7,5,3,3,ukraine
1186,9,6,5,3,1,ukraine
1187,8,7,5,2,1,ukraine
1188,9,7,6,3,3,ukraine
1189,8,7,6,2,2,ukraine
1190,9,6,6,2,2,ukraine
1191,4,7,9,2,5,world
1192,8,7,6,3,3,ukraine
1193,4,7,10,2,5,world
1194,3,8,9,4,5,world
1195,4,8,9,4,6,world
1196,4,8,10,2,5,world
1197,8,6,5,2,2,ukraine
1198,8,7,6,2,1,ukraine
1199,10,6,5,2,2,ukraine
1200,9,6,5,2,2,ukraine
1201,4,7,9,3,6,world
1202,9,6,6,3,1,ukraine
1203,3,7,10,2,5,world
1204,10,7,5,2,1,ukraine
1205,8,7,5,2,3,ukraine
1206,9,7,6,3,2,ukraine
1207,8,6,5,2,2,ukraine
1208,8,7,6,3,3,ukraine
1209,8,7,5,2,1,ukraine
1210,9,6,5,2,1,ukraine
1211,8,7,6,2,1,ukraine
1212,8,7,5,3,3,ukraine
1213,10,6,5,3,1,ukraine
1214,8,7,6,2,3,ukraine
1215,10,7,6,2,2,ukraine
1216,9,7,5,2,2,ukraine
1217,9,6,6,2,2,ukraine
1218,4,8,10,2,5,world
1219,9,6,5,2,3,ukraine
1220,9,7,6,2,1,ukraine
1221,10,7,6,3,2,ukraine
1222,3,8,10,4,6,world
1223,3,8,10,2,5,world
1224,8,6,6,2,1,ukraine
1225,8,7,5,3,2,ukraine
1226,9,6,5,3,2,ukraine
1227,9,6,6,3,1,ukraine
1228,9,7,5,2,3,ukraine
1229,4,8,10,4,5,world
1230,8,6,5,3,1,ukraine
1231,10,6,6,3,2,ukraine
1232,8,7,5,2,2,ukraine
1233,8,6,5,2,3,ukraine
1234,4,8,10,3,6,world
1235,10,7,5,2,3,ukraine
1236,3,7,10,3,5,world
1237,10,6,5,2,1,ukraine
1238,10,7,5,2,3,ukraine
1239,9,7,5,2,2,ukraine
1240,8,6,5,3,2,ukraine
1241,8,7,5,3,2,ukraine
1242,9,6,5,2,2,ukraine
1243,10,6,5,3,2,ukraine
1244,9,7,6,3,1,ukraine
1245,9,6,6,2,3,ukraine
1246,3,8,10,3,5,world
1247,10,6,5,3,1,ukraine
1248,10,6,5,2,2,ukraine
1249,9,6,5,2,3,ukraine
1250,8,7,5,3,3,ukraine
1251,8,6,5,2,3,ukraine
1252,8,7,5,3,1,ukraine
1253,10,6,6,2,3,ukraine
1254,9,7,5,2,3,ukraine
1255,8,6,5,2,3,ukraine
1256,9,7,5,2,3,ukraine
1257,8,6,5,2,2,ukraine
1258,9,7,5,2,2,ukraine
1259,10,7,5,2,2,ukraine
1260,8,7,6,2,1,ukraine
1261,9,6,5,2,3,ukraine
1262,9,7,6,3,1,ukraine
1263,8,7,6,3,3,ukraine
1264,9,6,5,3,3,ukraine
1265,8,7,6,2,1,ukraine
1266,4,7,9,4,6,world
1267,4,8,10,4,6,world
1268,9,6,5,3,2,ukraine
1269,10,7,5,3,2,ukraine
1270,10,7,6,3,3,ukraine
1271,9,7,6,3,2,ukraine
1272,10,6,6,2,3,ukraine
1273,9,7,6,3,3,ukraine
1274,9,7,5,2,1,ukraine
1275,8,6,5,2,2,ukraine
1276,8,6,5,3,1,ukraine
1277,10,6,5,2,2,ukraine
1278,10,7,5,2,3,ukraine
1279,10,7,6,2,1,ukraine
1280,3,8,10,4,5,world
1281,8,6,6,2,1,ukraine
1282,9,7,5,2,3,ukraine
1283,4,8,9,3,5,world
1284,3,8,10,4,6,world
1285,10,6,6,3,3,ukraine
1286,10,7,6,3,2,ukraine
1287,8,7,5,3,3,ukraine
1288,10,6,5,2,3,ukraine
1289,8,6,5,2,2,ukraine
1290,9,6,6,2,1,ukraine
1291,10,7,6,3,2,ukraine
1292,8,7,6,3,2,ukraine
1293,9,6,5,3,2,ukraine
1294,10,6,6,2,1,ukraine
1295,8,6,6,3,3,ukraine
1296,8,7,5,2,2,ukraine
1297,10,7,5,2,2,ukraine
1298,4,7,10,3,5,world
1299,4,7,10,2,6,world
1300,10,6,5,2,2,ukraine
1301,9,6,5,3,2,ukraine
1302,8,7,5,2,2,ukraine
1303,9,6,6,2,1,ukraine
1304,9,6,5,3,1,ukraine
1305,3,8,9,2,6,world
1306,9,7,6,3,1,ukraine
1307,9,7,6,2,3,ukraine
1308,9,7,6,2,3,ukraine
1309,8,6,5,3,1,ukraine
1310,9,7,6,2,3,ukraine
1311,9,6,5,3,2,ukraine
1312,8,6,5,2,1,ukraine
1313,4,7,9,4,5,world
1314,10,7,6,2,1,ukraine
1315,8,6,6,2,2,ukraine
1316,3,8,9,4,5,world
1317,4,7,9,3,6,world
1318,8,6,6,3,3,ukraine
1319,10,7,5,3,1,ukraine
1320,10,6,5,3,2,ukraine
1321,10,6,6,3,2,ukraine
1322,10,7,5,3,2,ukraine
1323,10,7,5,3,1,ukraine
1324,9,6,5,2,3,ukraine
1325,10,7,6,2,3,ukraine
1326,10,6,6,2,1,ukraine
1327,10,6,5,3,3,ukraine
1328,9,6,6,3,3,ukraine
1329,9,6,6,3,2,ukraine
1330,9,7,5,3,3,ukraine
1331,8,6,5,2,3,ukraine
1332,9,7,6,2,1,ukraine
1333,8,7,5,3,2,ukraine
1334,3,8,9,4,6,world
1335,9,7,6,2,1,ukraine
1336,4,8,10,4,6,world
1337,3,7,10,3,6,world
1338,9,6,5,2,1,ukraine
1339,8,6,6,2,1,ukraine
1340,4,8,10,4,6,world
1341,10,6,5,2,1,ukraine
1342,10,6,5,3,2,ukraine
1343,10,6,5,2,2,ukraine
1344,4,8,9,3,5,world
1345,10,7,5,3,2,ukraine
1346,8,6,6,3,1,ukraine
1347,10,7,6,3,1,ukraine
1348,9,6,6,3,2,ukraine
1349,8,7,5,3,3,ukraine
1350,3,8,10,2,6,world
1351,8,6,5,2,3,ukraine
1352,9,7,6,3,2,ukraine
1353,8,6,6,3,3,ukraine
1354,10,6,6,3,1,ukraine
1355,10,6,5,3,2,ukraine
1356,10,6,6,3,2,ukraine
1357,8,7,6,2,3,ukraine
1358,9,7,5,2,1,ukraine
1359,10,7,5,2,1,ukraine
1360,9,7,6,2,3,ukraine
1361,10,6,5,3,2,ukraine
1362,9,6,5,2,3,ukraine
1363,8,7,5,2,2,ukraine
1364,10,7,6,2,1,ukraine
1365,8,7,6,2,2,ukraine
1366,8,7,5,2,3,ukraine
1367,10,7,6,3,1,ukraine
1368,10,7,6,3,1,ukraine
1369,10,6,5,2,3,ukraine
1370,10,6,6,2,2,ukraine
1371,8,6,6,2,2,ukraine
1372,8,7,6,2,1,ukraine
1373,10,7,5,2,3,ukraine
1374,3,7,9,4,6,world
1375,4,8,10,2,6,world
1376,9,6,6,2,1,ukraine
1377,9,6,5,2,3,ukraine
1378,10,7,6,2,3,ukraine
1379,4,8,10,4,5,world
1380,10,7,5,3,2,ukraine
1381,10,6,5,3,3,ukraine
1382,9,7,6,3,2,ukraine
1383,9,6,6,2,3,ukraine
1384,10,6,5,2,3,ukraine
1385,10,6,5,3,2,ukraine
1386,10,6,6,3,1,ukraine
1387,9,6,5,2,3,ukraine
1388,9,6,6,2,2,ukraine
1389,4,8,9,4,6,world
1390,9,7,5,2,2,ukraine
1391,9,7,5,2,2,ukraine
1392,10,6,5,3,2,ukraine
1393,10,6,5,2,1,ukraine
1394,10,6,5,3,2,ukraine
1395,10,6,5,3,2,ukraine
1396,3,7,9,2,5,world
1397,9,7,5,2,1,ukraine
1398,10,7,6,2,1,ukraine
1399,10,7,5,2,1,ukraine
1400,10,6,6,2,2,ukraine
1401,3,7,9,3,6,world
1402,9,7,5,3,1,ukraine
1403,4,8,10,3,6,world
1404,9,7,5,3,2,ukraine
1405,9,7,6,2,3,ukraine
1406,9,7,6,3,3,ukraine
1407,4,8,9,2,6,world
1408,4,7,10,2,6,world
1409,9,7,6,2,3,ukraine
1410,10,7,6,3,2,ukraine
1411,8,7,6,3,3,ukraine
1412,10,7,5,2,1,ukraine
1413,9,6,6,3,1,ukraine
1414,10,7,5,3,1,ukraine
1415,9,7,5,2,2,ukraine
1416,4,7,9,3,5,world
1417,9,7,5,2,2,ukraine
1418,10,6,5,2,2,ukraine
1419,8,7,6,2,2,ukraine
1420,10,7,5,3,3,ukraine
1421,9,6,5,2,1,ukraine
1422,9,6,5,3,1,ukraine
1423,9,7,5,3,1,ukraine
1424,4,8,10,2,6,world
1425,8,7,6,3,3,ukraine
1426,4,7,9,3,5,world
1427,3,7,9,4,6,world
1428,9,7,6,3,3,ukraine
1429,9,6,6,3,2,ukraine
1430,9,7,6,2,2,ukraine
1431,9,7,5,2,2,ukraine
1432,8,7,5,3,2,ukraine
1433,9,6,5,2,1,ukraine
1434,10,7,6,3,2,ukraine
1435,4,8,10,3,6,world
1436,3,8,9,2,5,world
1437,10,7,5,3,1,ukraine
1438,9,6,6,3,3,ukraine
1439,4,7,10,3,5,world
1440,10,6,5,2,1,ukraine
1441,8,6,6,2,1,ukraine
1442,8,7,5,3,2,ukraine
1443,9,6,5,2,1,ukraine
1444,8,7,5,3,2,ukraine
1445,3,8,10,4,6,world
1446,9,6,6,2,3,ukraine
1447,10,7,5,3,1,ukraine
1448,10,7,6,3,2,ukraine
1449,10,6,6,3,3,ukraine
1450,9,6,5,3,1,ukraine
1451,4,7,10,2,6,world
1452,9,6,6,2,3,ukraine
1453,8,7,5,3,1,ukraine
1454,8,7,5,2,1,ukraine
1455,10,6,5,2,3,ukraine
1456,8,7,6,3,3,ukraine
1457,10,6,6,3,3,ukraine
1458,10,6,6,2,1,ukraine
1459,9,7,6,3,2,ukraine
1460,10,7,5,2,2,ukraine
1461,8,6,6,3,1,ukraine
1462,9,6,5,2,3,ukraine
1463,9,6,6,3,2,ukraine
1464,10,6,6,2,3,ukraine
1465,8,7,6,2,2,ukraine
1466,10,6,6,2,3,ukraine
1467,10,6,6,2,3,ukraine
1468,8,7,6,3,3,ukraine
1469,8,6,6,2,1,ukraine
1470,8,7,6,2,3,ukraine
1471,8,7,5,3,1,ukraine
1472,9,7,5,2,2,ukraine
1473,9,7,5,2,1,ukraine
1474,10,7,5,2,3,ukraine
1475,10,6,6,2,3,ukraine
1476,8,6,5,3,1,ukraine
1477,8,6,6,2,2,ukraine
1478,4,7,10,3,5,world
1479,10,7,5,3,1,ukraine
1480,9,7,5,2,2,ukraine
1481,9,6,6,2,2,ukraine
1482,9,7,6,2,2,ukraine
1483,9,6,5,2,1,ukraine
1484,10,7,5,3,1,ukraine
1485,4,8,10,4,6,world
1486,8,7,6,3,1,ukraine
1487,9,7,6,3,3,ukraine
1488,4,7,9,3,6,world
1489,9,7,6,3,2,ukraine
1490,9,6,5,3,2,ukraine
1491,10,6,5,3,1,ukraine
1492,10,6,6,3,2,ukraine
1493,8,7,6,3,1,ukraine
1494,10,7,5,2,3,ukraine
1495,9,6,6,2,2,ukraine
1496,9,7,5,2,3,ukraine
1497,8,6,6,2,1,ukraine
1498,8,7,5,3,3,ukraine
1499,10,6,6,3,3,ukraine
1500,9,7,6,3,3,ukraine
1501,9,6,6,2,3,ukraine
1502,4,8,10,4,5,world
1503,9,6,6,2,1,ukraine
1504,9,7,6,3,2,ukraine
1505,10,6,5,2,1,ukraine
1506,3,8,10,4,6,world
1507,8,6,5,3,2,ukraine
1508,10,7,5,2,3,ukraine
1509,9,7,6,2,2,ukraine
1510,3,8,10,3,6,world
1511,3,8,9,2,5,world
1512,4,8,9,4,6,world
1513,10,6,5,3,2,ukraine
1514,10,7,5,2,2,ukraine
1515,9,6,5,2,2,ukraine
1516,9,6,5,2,3,ukraine
1517,8,7,5,2,1,ukraine
1518,10,6,6,2,3,ukraine
1519,8,6,6,2,1,ukraine
1520,3,7,10,4,6,world
1521,3,8,10,2,5,world
1522,10,7,6,2,2,ukraine
1523,10,6,5,3,1,ukraine
1524,8,6,6,2,3,ukraine
1525,8,7,6,2,2,ukraine
1526,8,7,5,2,1,ukraine
1527,10,6,5,2,1,ukraine
1528,8,7,5,2,2,ukraine
1529,3,8,10,4,6,world
1530,3,8,9,3,6,world
1531,8,6,5,2,2,ukraine
1532,8,7,6,3,3,ukraine
1533,8,7,5,2,2,ukraine
1534,4,7,9,4,6,world
1535,4,8,9,2,5,world
1536,8,6,5,3,1,ukraine
1537,4,7,10,2,6,world
1538,4,8,10,2,6,world
1539,9,7,5,3,3,ukraine
1540,9,7,6,3,3,ukraine
1541,9,6,5,3,2,ukraine
1542,10,7,5,2,2,ukraine
1543,10,6,5,3,2,ukraine
1544,3,8,10,4,5,world
1545,8,6,6,2,2,ukraine
1546,3,8,9,2,5,world
1547,10,6,5,3,3,ukraine
1548,9,7,5,3,2,ukraine
1549,10,6,5,3,3,ukraine
1550,3,7,9,4,6,world
1551,10,7,5,2,3,ukraine
1552,4,8,10,3,5,world
1553,9,6,6,3,3,ukraine
1554,10,6,6,2,1,ukraine
1555,8,6,6,3,1,ukraine
1556,9,7,6,2,1,ukraine
1557,3,7,9,2,6,world
1558,8,7,5,3,3,ukraine
1559,9,7,5,2,2,ukraine
1560,10,7,5,3,1,ukraine
1561,8,7,6,3,2,ukraine
1562,8,7,5,2,2,ukraine
1563,10,6,6,2,3,ukraine
1564,8,6,5,3,1,ukraine
1565,10,7,5,3,1,ukraine
1566,3,8,9,4,5,world
1567,9,6,5,3,3,ukraine
1568,10,6,5,3,3,ukraine
1569,9,6,6,3,2,ukraine
1570,9,7,5,3,3,ukraine
1571,8,6,6,2,1,ukraine
1572,10,7,6,2,1,ukraine
1573,10,7,5,2,1,ukraine
1574,10,7,5,2,1,ukraine
1575,3,7,10,3,5,world
1576,8,7,5,3,3,ukraine
1577,9,7,5,3,2,ukraine
1578,4,7,9,2,5,world
1579,8,6,6,2,1,ukraine
1580,10,6,5,2,2,ukraine
1581,3,7,10,3,6,world
1582,4,7,9,4,5,world
1583,4,8,9,2,6,world
1584,9,6,5,3,3,ukraine
1585,10,7,5,2,3,ukraine
1586,10,6,6,2,3,ukraine
1587,10,7,6,3,2,ukraine
1588,10,6,6,3,2,ukraine
1589,10,7,5,2,3,ukraine
1590,3,8,9,4,5,world
1591,8,7,6,3,1,ukraine
1592,3,7,9,2,5,world
1593,9,6,5,2,3,ukraine
1594,10,7,6,3,2,ukraine
1595,8,7,5,2,2,ukraine
1596,9,7,6,2,3,ukraine
1597,9,7,5,2,2,ukraine
1598,9,7,6,2,2,ukraine
1599,8,6,5,2,3,ukraine
1600,8,7,5,3,3,ukraine
1601,9,7,6,2,3,ukraine
1602,9,6,6,2,3,ukraine
1603,8,7,5,3,3,ukraine
1604,9,7,5,2,2,ukraine
1605,10,7,6,2,2,ukraine
1606,10,6,6,2,2,ukraine
1607,8,7,5,3,2,ukraine
1608,8,7,6,3,2,ukraine
1609,8,7,6,2,3,ukraine
1610,4,8,9,4,5,world
1611,10,7,6,3,1,ukraine
1612,8,6,5,2,3,ukraine
1613,10,6,6,2,2,ukraine
1614,8,6,6,3,2,ukraine
1615,9,6,5,3,2,ukraine
1616,4,7,10,4,5,world
1617,4,7,9,4,6,world
1618,9,6,6,3,3,ukraine
1619,8,7,5,2,3,ukraine
1620,9,6,5,3,1,ukraine
1621,9,6,6,2,2,ukraine
1622,9,6,5,3,2,ukraine
1623,9,7,6,2,2,ukraine
1624,10,6,6,3,1,ukraine
1625,3,8,9,3,6,world
1626,8,6,5,3,2,ukraine
1627,10,7,6,2,3,ukraine
1628,10,6,5,2,2,ukraine
1629,9,7,5,2,1,ukraine
1630,9,6,6,3,1,ukraine
1631,8,6,6,2,2,ukraine
1632,8,7,5,2,2,ukraine
1633,10,7,5,2,3,ukraine
1634,10,6,6,2,2,ukraine
1635,9,6,5,2,3,ukraine
1636,10,7,6,2,1,ukraine
1637,8,6,5,2,2,ukraine
1638,4,8,10,2,5,world
1639,8,6,5,2,1,ukraine
1640,10,6,6,3,1,ukraine
1641,8,7,6,2,1,ukraine
1642,3,8,9,3,6,world
1643,10,7,5,2,2,ukraine
1644,8,6,5,3,2,ukraine
1645,8,7,5,3,2,ukraine
1646,8,7,5,3,3,ukraine
1647,9,6,6,3,1,ukraine
1648,9,6,6,3,1,ukraine
1649,8,6,6,2,1,ukraine
1650,10,7,5,3,3,ukraine
1651,8,6,5,3,1,ukraine
1652,10,6,5,3,1,ukraine
1653,10,7,6,3,3,ukraine
1654,10,7,5,2,1,ukraine
1655,10,6,5,3,1,ukraine
1656,3,8,10,4,5,world
1657,9,6,5,3,1,ukraine
1658,3,7,10,3,6,world
1659,10,6,6,2,3,ukraine
1660,10,6,5,3,1,ukraine
1661,3,8,10,4,6,world
1662,3,8,9,3,5,world
1663,4,8,9,4,5,world
1664,9,7,6,3,3,ukraine
1665,10,6,5,2,2,ukraine
1666,4,8,10,4,5,world
1667,8,7,5,3,2,ukraine
1668,9,7,5,3,3,ukraine
1669,9,7,5,2,2,ukraine
1670,10,7,5,3,3,ukraine
1671,8,6,6,2,1,ukraine
1672,10,6,5,3,2,ukraine
1673,8,6,5,3,3,ukraine
1674,9,7,5,2,1,ukraine
1675,3,7,10,4,6,world
1676,3,8,9,4,5,world
1677,8,6,6,3,2,ukraine
1678,8,7,5,2,2,ukraine
1679,10,7,5,3,3,ukraine
1680,8,6,5,3,2,ukraine
1681,3,7,9,2,5,world
1682,8,7,5,2,1,ukraine
1683,10,6,6,2,1,ukraine
1684,3,7,10,3,5,world
1685,10,6,5,2,3,ukraine
1686,9,7,6,3,2,ukraine
1687,4,8,9,3,5,world
1688,8,6,6,3,3,ukraine
1689,9,7,5,3,1,ukraine
1690,10,7,5,2,3,ukraine
1691,9,6,6,3,2,ukraine
1692,10,7,5,2,1,ukraine
1693,8,7,5,2,1,ukraine
1694,8,7,6,3,1,ukraine
1695,9,6,5,2,3,ukraine
1696,10,7,6,3,1,ukraine
1697,9,6,6,3,2,ukraine
1698,10,7,6,3,1,ukraine
1699,4,7,10,2,5,world
1700,9,6,5,3,1,ukraine
1701,8,7,6,2,1,ukraine
1702,4,7,9,3,6,world
1703,10,6,5,2,2,ukraine
1704,10,7,5,2,3,ukraine
1705,8,7,6,3,2,ukraine
1706,10,6,6,3,2,ukraine
1707,10,7,5,3,1,ukraine
1708,3,7,9,3,6,world
1709,10,7,5,3,1,ukraine
1710,9,7,5,2,2,ukraine
1711,8,7,5,2,2,ukraine
1712,10,6,5,3,3,ukraine
1713,9,7,5,3,3,ukraine
1714,8,7,5,3,1,ukraine
1715,10,6,5,2,2,ukraine
1716,10,7,5,2,1,ukraine
1717,10,7,6,3,1,ukraine
1718,10,6,6,2,3,ukraine
1719,10,6,5,3,1,ukraine
1720,10,6,5,2,1,ukraine
1721,9,7,5,2,3,ukraine
1722,3,7,10,2,5,world
1723,9,7,5,3,3,ukraine
1724,10,7,5,2,2,ukraine
1725,10,6,5,2,1,ukraine
1726,8,7,5,3,2,ukraine
1727,9,7,5,3,1,ukraine
1728,9,7,6,3,3,ukraine
1729,9,7,6,2,3,ukraine
1730,9,7,6,2,2,ukraine
1731,8,7,5,2,2,ukraine
1732,8,7,6,2,2,ukraine
1733,10,6,6,2,2,ukraine
1734,3,7,10,4,6,world
1735,9,6,6,3,2,ukraine
1736,10,6,6,3,3,ukraine
1737,9,7,5,2,2,ukraine
1738,9,7,6,2,2,ukraine
1739,4,8,9,3,6,world
1740,8,7,6,3,2,ukraine
1741,10,6,6,2,2,ukraine
1742,8,6,5,3,2,ukraine
1743,10,7,6,3,1,ukraine
1744,10,6,5,2,3,ukraine
1745,9,7,5,3,3,ukraine
1746,4,8,9,4,5,world
1747,8,7,5,2,3,ukraine
1748,10,7,5,2,1,ukraine
1749,9,6,6,3,3,ukraine
1750,8,6,6,2,3,ukraine
1751,10,6,5,2,1,ukraine
1752,10,7,5,3,1,ukraine
1753,10,6,5,2,3,ukraine
1754,10,6,5,3,2,ukraine
1755,4,8,9,2,5,world
1756,9,7,6,2,1,ukraine
1757,8,6,5,3,2,ukraine
1758,3,8,10,3,5,world
1759,8,6,6,3,1,ukraine
1760,9,6,5,3,3,ukraine
1761,9,6,5,2,1,ukraine
1762,3,7,9,4,6,world
1763,9,6,5,3,2,ukraine
1764,4,7,9,3,6,world
1765,10,7,6,2,2,ukraine
1766,9,7,6,2,2,ukraine
1767,10,7,6,2,3,ukraine
1768,4,8,10,2,6,world
1769,9,6,6,2,2,ukraine
1770,8,6,6,3,3,ukraine
1771,3,7,10,3,5,world
1772,3,7,10,4,6,world
1773,8,7,6,3,2,ukraine
1774,9,7,5,3,3,ukraine
1775,9,7,5,3,2,ukraine
1776,8,7,5,2,1,ukraine
1777,9,6,5,2,1,ukraine
1778,10,6,6,2,3,ukraine
1779,10,6,6,2,1,ukraine
1780,10,7,5,2,2,ukraine
1781,10,6,5,2,2,ukraine
1782,9,7,5,3,1,ukraine
1783,10,7,6,3,3,ukraine
1784,4,8,9,3,6,world
1785,9,7,6,3,1,ukraine
1786,9,7,5,3,2,ukraine
1787,8,7,5,2,3,ukraine
1788,10,7,6,3,2,ukraine
1789,4,8,9,3,6,world
1790,10,6,6,2,1,ukraine
1791,9,7,6,3,1,ukraine
1792,10,7,5,3,3,ukraine
1793,8,6,5,3,1,ukraine
1794,8,6,6,2,2,ukraine
1795,10,7,6,3,2,ukraine
1796,4,7,9,3,6,world
1797,10,6,5,3,1,ukraine
1798,3,8,9,3,5,world
1799,10,6,6,2,1,ukraine
1800,9,6,5,2,3,ukraine
1801,3,7,9,2,5,world
1802,9,6,5,3,2,ukraine
1803,8,6,6,3,3,ukraine
1804,8,6,6,2,3,ukraine
1805,8,7,5,2,1,ukraine
1806,9,7,5,3,1,ukraine
1807,8,6,5,3,2,ukraine
1808,8,6,6,2,3,ukraine
1809,3,8,10,2,6,world
1810,9,7,6,2,1,ukraine
1811,8,6,5,2,1,ukraine
1812,3,7,10,3,6,world
1813,4,8,9,2,5,world
1814,10,6,6,3,2,ukraine
1815,8,6,5,3,3,ukraine
1816,10,6,6,3,1,ukraine
1817,8,7,6,2,1,ukraine
1818,9,7,6,3,3,ukraine
1819,10,6,6,2,1,ukraine
1820,10,7,5,3,1,ukraine
1821,10,6,6,2,3,ukraine
1822,10,7,5,3,2,ukraine
1823,9,6,6,3,2,ukraine
1824,8,6,5,2,1,ukraine
1825,9,6,6,3,2,ukraine
1826,9,6,6,3,3,ukraine
1827,3,8,9,3,6,world
1828,10,7,5,3,3,ukraine
1829,3,8,9,4,6,world
1830,10,7,5,3,2,ukraine
1831,9,6,5,3,3,ukraine
1832,4,8,10,4,5,world
1833,3,7,10,3,5,world
1834,9,6,5,3,1,ukraine
1835,8,7,5,2,3,ukraine
1836,8,7,5,2,2,ukraine
1837,10,6,5,2,1,ukraine
1838,9,6,6,2,2,ukraine
1839,8,7,6,2,1,ukraine
1840,8,6,6,2,1,ukraine
1841,9,7,5,2,3,ukraine
1842,10,6,6,3,1,ukraine
1843,3,8,10,3,6,world
1844,8,7,6,3,2,ukraine
1845,3,7,10,3,6,world
1846,9,7,5,3,1,ukraine
1847,8,6,6,3,2,ukraine
1848,9,6,5,3,3,ukraine
1849,9,6,5,2,2,ukraine
1850,8,7,5,3,2,ukraine
1851,3,7,10,4,5,world
1852,9,7,6,3,3,ukraine
1853,9,6,5,2,2,ukraine
1854,9,7,5,3,1,ukraine
1855,8,6,6,3,2,ukraine
1856,9,7,5,3,1,ukraine
1857,9,7,6,3,2,ukraine
1858,8,6,6,2,2,ukraine
1859,10,6,5,2,1,ukraine
1860,3,8,9,4,6,world
1861,8,6,5,2,3,ukraine
1862,10,7,6,2,2,ukraine
1863,10,7,5,2,1,ukraine
1864,9,7,6,2,3,ukraine
1865,8,6,5,3,1,ukraine
1866,8,6,6,3,2,ukraine
1867,8,7,6,3,1,ukraine
1868,8,6,6,2,1,ukraine
1869,8,7,6,3,1,ukraine
1870,10,7,6,2,3,ukraine
1871,3,8,10,4,6,world
1872,4,8,10,3,5,world
1873,9,6,6,2,3,ukraine
1874,9,6,5,3,2,ukraine
1875,9,7,6,2,2,ukraine
1876,4,8,9,4,6,world
1877,10,6,5,2,3,ukraine
1878,3,8,10,2,5,world
1879,4,8,10,4,5,world
1880,9,7,5,3,1,ukraine
1881,8,7,5,3,3,ukraine
1882,10,6,5,3,2,ukraine
1883,10,6,6,3,3,ukraine
1884,9,7,6,2,1,ukraine
1885,3,7,10,2,6,world
1886,10,6,5,2,1,ukraine
1887,4,8,9,2,5,world
1888,8,7,6,2,3,ukraine
1889,9,7,5,3,2,ukraine
1890,9,7,5,3,2,ukraine
1891,10,6,6,3,3,ukraine
1892,8,6,5,3,3,ukraine
1893,8,7,6,3,2,ukraine
1894,10,7,6,2,2,ukraine
1895,9,6,6,2,3,ukraine
1896,4,7,10,3,6,world
1897,10,6,5,2,2,ukraine
1898,8,6,5,2,2,ukraine
1899,3,8,10,3,5,world
1900,8,7,5,2,1,ukraine
1901,9,6,5,3,2,ukraine
1902,9,6,6,3,2,ukraine
1903,8,6,6,3,2,ukraine
1904,8,6,6,2,3,ukraine
1905,8,7,6,3,3,ukraine
1906,9,6,5,2,2,ukraine
1907,10,6,6,2,2,ukraine
1908,8,7,5,2,3,ukraine
1909,10,7,5,2,1,ukraine
1910,8,7,5,2,3,ukraine
1911,3,7,10,2,5,world
1912,8,6,6,3,1,ukraine
1913,9,7,5,3,2,ukraine
1914,3,8,9,2,5,world
1915,9,7,5,3,3,ukraine
1916,3,8,10,2,6,world
1917,9,7,5,2,3,ukraine
1918,9,6,5,2,2,ukraine
1919,10,6,6,2,3,ukraine
1920,10,6,6,3,2,ukraine
1921,10,7,5,3,3,ukraine
1922,9,6,5,3,1,ukraine
1923,3,7,10,2,6,world
1924,10,6,5,3,2,ukraine
1925,9,6,5,2,3,ukraine
1926,3,7,10,2,6,world
1927,4,8,10,2,6,world
1928,10,7,6,3,2,ukraine
1929,8,7,6,2,3,ukraine
1930,10,7,5,2,1,ukraine
1931,9,7,6,2,3,ukraine
1932,3,8,10,4,6,world
1933,3,7,9,2,6,world
1934,8,7,6,3,3,ukraine
1935,10,7,5,3,2,ukraine
1936,10,7,5,3,3,ukraine
1937,10,7,5,2,1,ukraine
1938,8,6,5,2,3,ukraine
1939,3,7,10,3,5,world
1940,9,7,5,3,3,ukraine
1941,9,6,5,2,2,ukraine
1942,10,7,6,2,3,ukraine
1943,9,7,6,3,2,ukraine
1944,10,6,6,2,1,ukraine
1945,9,7,6,2,3,ukraine
1946,8,6,6,2,1,ukraine
1947,9,6,5,2,3,ukraine
1948,8,6,5,2,1,ukraine
1949,8,7,5,3,1,ukraine
1950,10,6,5,2,2,ukraine
1951,4,7,10,3,5,world
1952,9,6,5,2,2,ukraine
1953,4,7,9,3,5,world
1954,3,7,9,2,5,world
1955,9,7,5,3,2,ukraine
1956,9,6,5,2,3,ukraine
1957,9,7,5,2,3,ukraine
1958,8,6,5,2,1,ukraine
1959,8,6,5,3,3,ukraine
1960,8,6,6,3,1,ukraine
1961,10,6,5,3,1,ukraine
1962,9,6,5,3,1,ukraine
1963,10,6,6,2,1,ukraine
1964,3,8,9,2,5,world
1965,9,7,5,3,2,ukraine
1966,8,6,6,3,1,ukraine
1967,3,7,10,4,5,world
1968,3,7,10,4,5,world
1969,9,7,5,2,1,ukraine
1970,10,7,6,3,2,ukraine
1971,8,7,6,2,2,ukraine
1972,9,7,5,3,2,ukraine
1973,9,6,5,3,2,ukraine
1974,4,7,9,4,6,world
1975,9,6,6,3,2,ukraine
1976,9,7,6,2,1,ukraine
1977,8,7,6,2,3,ukraine
1978,4,8,9,3,6,world
1979,9,7,6,3,3,ukraine
1980,10,7,6,2,2,ukraine
1981,8,7,5,3,1,ukraine
1982,8,7,5,3,2,ukraine
1983,10,6,5,2,3,ukraine
1984,10,7,5,2,2,ukraine
1985,3,8,10,3,5,world
1986,9,7,5,2,1,ukraine
1987,10,6,5,3,3,ukraine
1988,9,6,6,3,2,ukraine
1989,8,7,5,2,2,ukraine
1990,9,7,6,3,2,ukraine
1991,9,7,6,2,3,ukraine
1992,4,8,10,2,5,world
1993,10,6,6,2,3,ukraine
1994,10,7,5,2,3,ukraine
1995,8,6,5,2,3,ukraine
1996,10,7,5,2,3,ukraine
1997,9,6,6,2,3,ukraine
1998,10,6,5,3,2,ukraine
1999,10,6,5,2,3,ukraine
2000,4,7,9,3,6,world
2001,4,7,10,3,6,world
2002,9,7,6,3,2,ukraine
2003,10,6,6,3,2,ukraine
2004,8,6,5,2,3,ukraine
2005,10,6,5,2,2,ukraine
2006,3,8,10,2,5,world
2007,4,7,10,4,5,world
2008,10,7,5,2,2,ukraine
2009,4,7,10,4,5,world
2010,8,7,5,2,3,ukraine
2011,8,7,6,2,3,ukraine
2012,10,6,5,2,1,ukraine
2013,9,6,5,2,1,ukraine
2014,8,6,5,3,1,ukraine
2015,4,7,10,4,6,world
2016,8,7,6,3,3,ukraine
2017,4,8,10,4,6,world
2018,9,7,6,2,3,ukraine
2019,8,7,6,3,2,ukraine
2020,8,7,6,2,2,ukraine
2021,8,6,6,2,1,ukraine
2022,10,6,6,2,1,ukraine
2023,8,7,5,2,3,ukraine
2024,10,7,6,3,2,ukraine
2025,9,6,5,3,3,ukraine
2026,8,6,5,2,1,ukraine
2027,8,7,6,2,3,ukraine
2028,4,8,9,4,6,world
2029,8,7,5,2,1,ukraine
2030,10,6,6,2,3,ukraine
2031,10,7,5,2,2,ukraine
2032,3,7,10,2,5,world
2033,4,7,9,3,5,world
2034,8,6,5,2,3,ukraine
2035,10,6,5,2,2,ukraine
2036,8,6,6,2,2,ukraine
2037,4,7,9,3,6,world
2038,10,6,5,3,3,ukraine
2039,9,6,6,3,1,ukraine
2040,4,7,9,4,5,world
2041,9,6,5,2,3,ukraine
2042,9,7,6,2,3,ukraine
2043,9,7,6,3,3,ukraine
2044,9,6,6,3,2,ukraine
2045,9,7,6,3,1,ukraine
2046,10,6,6,2,1,ukraine
2047,3,7,9,3,6,world
2048,4,8,9,2,5,world
2049,3,8,10,3,5,world
2050,9,6,6,3,1,ukraine
2051,10,6,6,2,2,ukraine
2052,10,6,5,2,2,ukraine
2053,9,7,5,2,3,ukraine
2054,9,7,6,2,1,ukraine
2055,9,7,5,3,2,ukraine
2056,9,7,5,2,3,ukraine
2057,4,8,10,3,6,world
2058,10,6,5,3,2,ukraine
2059,8,6,5,2,3,ukraine
2060,10,7,6,2,3,ukraine
2061,3,7,9,2,5,world
2062,9,7,6,3,1,ukraine
2063,10,7,6,2,1,ukraine
2064,9,7,6,3,1,ukraine
2065,3,7,9,4,5,world
2066,9,7,5,3,1,ukraine
2067,3,7,9,2,6,world
2068,10,6,6,2,2,ukraine
2069,10,7,6,3,2,ukraine
2070,3,7,10,2,6,world
2071,8,7,5,3,3,ukraine
2072,10,6,5,3,3,ukraine
2073,9,6,6,3,3,ukraine
2074,8,6,6,2,2,ukraine
2075,10,6,5,2,3,ukraine
2076,9,6,5,2,3,ukraine
2077,9,6,6,3,2,ukraine
2078,9,6,5,2,3,ukraine
2079,8,6,6,2,1,ukraine
2080,4,7,9,2,5,world
2081,9,6,6,3,1,ukraine
2082,10,7,5,2,1,ukraine
2083,10,7,6,3,1,ukraine
2084,8,6,5,2,1,ukraine
2085,10,6,6,2,3,ukraine
2086,9,7,6,3,1,ukraine
2087,9,7,5,3,2,ukraine
2088,10,6,6,2,2,ukraine
2089,9,7,5,2,2,ukraine
2090,8,6,5,2,1,ukraine
2091,8,6,5,2,3,ukraine
2092,3,8,10,4,5,world
2093,10,7,6,2,2,ukraine
2094,9,6,6,3,3,ukraine
2095,8,7,5,2,2,ukraine
2096,8,7,5,3,1,ukraine
2097,9,6,5,2,3,ukraine
2098,8,7,5,2,2,ukraine
2099,8,6,6,2,3,ukraine
2100,3,7,9,4,5,world
2101,9,7,6,3,1,ukraine
2102,4,8,9,2,5,world
2103,10,6,5,3,1,ukraine
2104,8,6,6,2,1,ukraine
2105,9,6,5,2,3,ukraine
2106,10,6,5,3,2,ukraine
2107,4,8,9,2,5,world
2108,9,7,6,3,1,ukraine
2109,10,6,5,2,1,ukraine
2110,8,6,5,2,1,ukraine
2111,9,7,5,3,1,ukraine
2112,10,6,5,2,1,ukraine
2113,8,6,6,2,2,ukraine
2114,10,7,6,3,3,ukraine
2115,4,7,10,4,6,world
2116,9,6,6,3,2,ukraine
2117,8,6,5,3,2,ukraine
2118,10,6,6,3,2,ukraine
2119,10,7,6,2,2,ukraine
2120,8,7,6,3,1,ukraine
2121,8,7,5,3,1,ukraine
2122,3,7,9,2,5,world
2123,10,7,5,3,3,ukraine
2124,10,6,6,3,3,ukraine
2125,4,8,10,2,6,world
2126,4,8,10,2,5,world
2127,9,7,5,2,1,ukraine
2128,8,7,6,2,1,ukraine
2129,4,8,10,4,5,world
2130,10,7,6,2,3,ukraine
2131,9,6,5,2,1,ukraine
2132,10,6,6,2,2,ukraine
2133,8,7,6,2,2,ukraine
2134,8,7,5,2,2,ukraine
2135,10,6,5,3,3,ukraine
2136,4,7,10,4,5,world
2137,10,6,5,3,1,ukraine
2138,4,8,10,2,5,world
2139,9,7,6,2,2,ukraine
2140,4,7,10,3,5,world
2141,9,7,5,2,3,ukraine
2142,9,6,6,3,2,ukraine
2143,8,6,6,2,1,ukraine
2144,10,6,6,3,3,ukraine
2145,9,7,5,3,1,ukraine
2146,10,7,5,2,3,ukraine
2147,8,7,6,2,1,ukraine
2148,10,6,5,2,3,ukraine
2149,9,6,6,3,2,ukraine
2150,9,7,6,3,2,ukraine
2151,4,8,10,4,6,world
2152,9,6,5,3,3,ukraine
2153,3,7,10,3,5,world
2154,10,7,6,3,3,ukraine
2155,8,6,6,2,2,ukraine
2156,10,6,6,3,2,ukraine
2157,9,7,6,3,2,ukraine
2158,10,7,6,2,1,ukraine
2159,10,7,5,3,1,ukraine
2160,8,6,5,2,3,ukraine
2161,9,7,6,3,2,ukraine
2162,4,8,9,2,6,world
2163,10,6,5,3,3,ukraine
2164,4,8,9,2,6,world
2165,9,6,6,3,2,ukraine
2166,8,6,6,2,2,ukraine
2167,9,7,6,2,1,ukraine
2168,9,6,5,2,3,ukraine
2169,9,7,6,3,1,ukraine
2170,8,6,6,3,2,ukraine
2171,10,7,5,2,2,ukraine
2172,4,8,10,3,6,world
2173,9,7,5,3,1,ukraine
2174,9,7,6,2,3,ukraine
2175,9,7,6,3,3,ukraine
2176,4,8,10,4,6,world
2177,10,6,6,3,2,ukraine
2178,8,7,6,2,1,ukraine
2179,10,7,6,3,2,ukraine
2180,9,6,6,3,1,ukraine
2181,9,6,6,2,2,ukraine
2182,4,8,9,2,6,world
2183,9,7,5,3,1,ukraine
2184,9,6,5,2,2,ukraine
2185,8,7,5,2,1,ukraine
2186,10,7,5,2,1,ukraine
2187,4,7,9,2,6,world
2188,4,8,10,2,6,world
2189,10,7,5,3,2,ukraine
2190,8,6,6,3,1,ukraine
2191,8,7,5,2,3,ukraine
2192,9,6,5,2,2,ukraine
2193,9,6,6,3,1,ukraine
2194,9,6,5,2,3,ukraine
2195,9,6,5,3,2,ukraine
2196,10,6,6,2,3,ukraine
2197,8,7,6,2,1,ukraine
2198,9,7,6,3,1,ukraine
2199,10,6,6,2,1,ukraine
2200,9,7,5,2,2,ukraine
2201,10,7,5,2,2,ukraine
2202,9,6,6,2,2,ukraine
2203,9,6,5,2,1,ukraine
2204,3,7,9,4,5,world
2205,8,7,6,2,2,ukraine
2206,10,7,5,3,3,ukraine
2207,9,6,6,3,1,ukraine
2208,9,7,5,3,2,ukraine
2209,9,6,6,2,3,ukraine
2210,8,6,5,2,3,ukraine
2211,10,6,6,2,1,ukraine
2212,9,7,6,2,3,ukraine
2213,4,8,10,4,5,world
2214,9,6,6,3,3,ukraine
2215,4,7,9,3,5,world
2216,9,7,5,3,3,ukraine
2217,4,8,9,3,6,world
2218,9,6,5,2,3,ukraine
2219,8,6,6,3,3,ukraine
2220,10,6,5,2,1,ukraine
2221,8,7,5,3,1,ukraine
2222,9,7,6,2,1,ukraine
2223,8,6,5,3,2,ukraine
2224,3,8,10,3,6,world
2225,9,7,6,2,1,ukraine
2226,9,6,6,3,2,ukraine
2227,8,6,6,3,3,ukraine
2228,10,6,6,3,2,ukraine
2229,8,7,6,3,3,ukraine
2230,8,6,5,3,1,ukraine
2231,9,6,5,3,3,ukraine
2232,9,6,5,2,1,ukraine
2233,3,7,9,4,5,world
2234,9,6,5,3,2,ukraine
2235,9,6,5,2,2,ukraine
2236,8,7,5,3,3,ukraine
2237,9,7,5,2,2,ukraine
2238,9,7,5,2,3,ukraine
2239,8,6,5,3,3,ukraine
2240,10,6,6,2,3,ukraine
2241,8,7,6,3,3,ukraine
2242,10,6,6,3,2,ukraine
2243,8,7,6,2,3,ukraine
2244,10,6,6,3,2,ukraine
2245,10,6,6,2,2,ukraine
2246,9,6,6,2,2,ukraine
2247,10,6,6,3,2,ukraine
2248,8,7,5,3,1,ukraine
2249,10,6,5,3,2,ukraine
2250,8,7,6,3,1,ukraine
2251,10,7,5,2,3,ukraine
2252,3,7,9,4,6,world
2253,8,6,5,2,2,ukraine
2254,10,7,5,2,2,ukraine
2255,9,6,6,2,1,ukraine
2256,10,7,5,2,2,ukraine
2257,10,6,6,3,1,ukraine
2258,8,7,5,3,2,ukraine
2259,10,7,5,3,1,ukraine
2260,3,8,10,4,6,world
2261,4,7,10,2,5,world
2262,8,6,6,2,1,ukraine
2263,8,7,6,3,2,ukraine
2264,10,6,6,3,3,ukraine
2265,8,6,5,3,1,ukraine
2266,10,6,6,2,1,ukraine
2267,9,7,6,2,1,ukraine
2268,9,6,6,2,1,ukraine
2269,8,7,6,3,1,ukraine
2270,8,6,5,3,2,ukraine
2271,8,7,6,3,1,ukraine
2272,3,8,10,4,5,world
2273,10,7,6,3,1,ukraine
2274,8,7,6,3,1,ukraine
2275,8,7,5,3,1,ukraine
2276,10,7,6,2,2,ukraine
2277,3,7,10,2,5,world
2278,9,6,5,2,2,ukraine
2279,9,6,6,3,3,ukraine
2280,10,7,6,2,2,ukraine
2281,8,6,6,2,1,ukraine
2282,8,7,6,3,3,ukraine
2283,9,7,5,2,1,ukraine
2284,9,6,5,3,3,ukraine
2285,10,7,5,3,3,ukraine
2286,4,7,9,2,6,world
2287,9,6,6,2,3,ukraine
2288,10,6,6,2,1,ukraine
2289,4,7,10,2,5,world
2290,8,7,5,3,1,ukraine
2291,10,7,5,3,1,ukraine
2292,9,7,5,3,3,ukraine
2293,10,7,5,3,3,ukraine
2294,3,8,9,4,5,world
2295,8,7,5,3,2,ukraine
2296,8,7,6,2,3,ukraine
2297,3,8,10,2,6,world
2298,8,7,6,2,1,ukraine
2299,4,8,9,4,6,world
2300,10,6,5,3,1,ukraine
2301,8,7,6,2,3,ukraine
2302,3,7,10,3,5,world
2303,10,7,5,3,2,ukraine
2304,3,7,10,3,6,world
2305,9,6,6,2,3,ukraine
2306,4,8,9,2,6,world
2307,10,6,6,3,3,ukraine
2308,8,7,6,3,3,ukraine
2309,10,6,5,2,3,ukraine
2310,4,7,9,2,5,world
2311,8,6,6,3,1,ukraine
2312,8,6,6,3,1,ukraine
2313,10,6,5,3,2,ukraine
2314,10,6,6,3,3,ukraine
2315,3,7,9,2,6,world
2316,8,7,5,2,3,ukraine
2317,10,6,6,3,2,ukraine
2318,4,7,10,4,6,world
2319,4,7,9,2,5,world
2320,8,6,5,2,3,ukraine
2321,8,7,5,3,1,ukraine
2322,3,7,9,3,6,world
2323,8,6,5,3,3,ukraine
2324,9,7,5,2,1,ukraine
2325,9,6,5,3,1,ukraine
2326,8,6,5,2,2,ukraine
2327,3,7,9,2,6,world
2328,9,7,6,2,1,ukraine
2329,9,6,5,2,3,ukraine
2330,9,7,5,3,1,ukraine
2331,9,7,5,2,1,ukraine
2332,8,7,6,2,3,ukraine
2333,10,7,6,2,1,ukraine
2334,8,6,5,2,3,ukraine
2335,8,6,6,3,1,ukraine
2336,8,7,6,2,3,ukraine
2337,10,7,5,2,2,ukraine
2338,10,7,5,2,1,ukraine
2339,8,7,6,3,3,ukraine
2340,8,7,6,2,1,ukraine
2341,3,8,10,3,6,world
2342,8,6,5,3,1,ukraine
2343,9,7,5,2,3,ukraine
2344,8,6,6,3,2,ukraine
2345,8,7,6,2,2,ukraine
2346,3,7,10,3,6,world
2347,10,7,5,3,1,ukraine
2348,9,6,5,2,3,ukraine
2349,3,8,9,2,6,world
2350,8,6,5,3,2,ukraine
2351,8,7,6,3,2,ukraine
2352,9,6,5,2,1,ukraine
2353,8,6,6,3,2,ukraine
2354,9,6,5,3,3,ukraine
2355,9,6,6,3,1,ukraine
2356,3,8,10,3,5,world
2357,8,6,5,2,1,ukraine
2358,4,8,9,3,6,world
2359,9,6,6,2,2,ukraine
2360,10,6,5,2,3,ukraine
2361,9,7,6,2,3,ukraine
2362,8,6,6,3,2,ukraine
2363,9,6,5,3,2,ukraine
2364,4,7,9,4,6,world
2365,8,6,5,2,1,ukraine
2366,9,7,5,3,1,ukraine
2367,3,8,10,3,6,world
2368,8,7,5,3,3,ukraine
2369,8,6,6,3,1,ukraine
2370,9,6,5,3,1,ukraine
2371,10,6,6,3,2,ukraine
2372,8,7,6,2,3,ukraine
2373,10,7,6,3,2,ukraine
2374,9,6,6,2,3,ukraine
2375,10,6,6,3,2,ukraine
2376,10,7,5,3,1,ukraine
2377,8,7,5,3,2,ukraine
2378,10,6,6,2,3,ukraine
2379,9,7,6,3,3,ukraine
2380,10,6,5,3,3,ukraine
2381,10,6,5,3,3,ukraine
2382,9,6,6,2,2,ukraine
2383,9,7,6,2,1,ukraine
2384,8,7,6,2,1,ukraine
2385,9,6,6,2,3,ukraine
2386,10,7,6,3,3,ukraine
2387,9,7,6,2,1,ukraine
2388,10,7,5,3,1,ukraine
2389,3,8,10,4,5,world
2390,8,6,5,2,3,ukraine
2391,10,7,5,3,3,ukraine
2392,9,6,5,2,2,ukraine
2393,9,6,6,2,3,ukraine
2394,9,6,5,2,3,ukraine
2395,10,6,5,2,3,ukraine
2396,8,7,5,3,3,ukraine
2397,10,7,6,3,2,ukraine
2398,4,8,10,4,6,world
2399,10,6,5,2,2,ukraine
2400,9,7,6,3,2,ukraine
2401,3,7,9,2,6,world
2402,9,6,6,2,2,ukraine
2403,8,6,5,3,1,ukraine
2404,9,7,6,2,3,ukraine
2405,10,7,5,2,2,ukraine
2406,3,8,9,2,5,world
2407,10,7,5,3,1,ukraine
2408,10,6,5,3,2,ukraine
2409,3,7,10,2,6,world
2410,8,6,6,3,3,ukraine
2411,10,7,5,2,1,ukraine
2412,10,7,5,2,1,ukraine
2413,8,7,6,2,2,ukraine
2414,10,7,5,3,2,ukraine
2415,4,7,9,3,6,world
2416,4,8,9,3,5,world
2417,10,6,6,2,1,ukraine
2418,10,7,5,2,3,ukraine
2419,3,7,9,3,5,world
2420,10,6,6,3,1,ukraine
2421,9,6,6,2,1,ukraine
2422,3,7,9,4,5,world
2423,4,8,9,2,6,world
2424,10,7,5,3,1,ukraine
2425,10,6,5,3,2,ukraine
2426,9,6,5,3,3,ukraine
2427,8,6,6,3,1,ukraine
2428,8,7,6,2,1,ukraine
2429,10,7,6,2,2,ukraine
2430,9,6,6,2,3,ukraine
2431,8,7,6,3,2,ukraine
2432,3,7,10,4,6,world
2433,8,7,6,2,1,ukraine
2434,10,6,6,3,2,ukraine
2435,10,6,5,3,2,ukraine
2436,8,6,6,3,2,ukraine
2437,10,6,6,2,2,ukraine
2438,3,7,10,4,6,world
2439,8,6,5,3,3,ukraine
2440,8,6,6,2,2,ukraine
2441,10,6,5,3,2,ukraine
2442,9,6,5,3,1,ukraine
2443,8,6,5,3,2,ukraine
2444,8,7,6,2,1,ukraine
2445,9,7,6,2,1,ukraine
2446,9,7,6,2,1,ukraine
2447,8,6,6,2,3,ukraine
2448,9,6,5,2,3,ukraine
2449,10,6,5,2,2,ukraine
2450,9,6,6,3,2,ukraine
2451,4,7,10,3,6,world
2452,10,7,6,2,2,ukraine
2453,9,7,5,3,2,ukraine
2454,9,7,6,2,2,ukraine
2455,3,8,10,4,6,world
2456,8,7,5,2,3,ukraine
2457,10,7,6,2,2,ukraine
2458,9,7,6,2,3,ukraine
2459,8,6,5,3,2,ukraine
2460,9,7,5,3,1,ukraine
2461,3,8,10,3,6,world
2462,8,6,6,3,2,ukraine
2463,10,6,6,3,1,ukraine
2464,9,7,5,3,3,ukraine
2465,3,7,10,2,5,world
2466,3,8,9,4,5,world
2467,9,7,6,3,3,ukraine
2468,3,7,10,3,5,world
2469,4,8,10,2,5,world
2470,10,6,5,2,2,ukraine
2471,3,8,9,2,5,world
2472,10,7,6,2,1,ukraine
2473,10,7,5,3,1,ukraine
2474,9,6,5,3,3,ukraine
2475,9,7,6,2,1,ukraine
2476,3,7,9,3,5,world
2477,8,7,5,2,1,ukraine
2478,9,7,6,3,1,ukraine
2479,8,6,6,3,2,ukraine
2480,3,8,9,2,6,world
2481,3,7,9,4,6,world
2482,9,7,5,3,2,ukraine
2483,8,7,6,2,3,ukraine
2484,10,7,5,3,3,ukraine
2485,10,7,5,3,2,ukraine
2486,10,7,5,2,1,ukraine
2487,9,7,6,3,3,ukraine
2488,9,7,5,2,3,ukraine
2489,4,7,10,3,6,world
2490,10,7,5,2,1,ukraine
2491,8,7,5,2,1,ukraine
2492,4,8,9,3,5,world
2493,4,7,10,3,6,world
2494,10,7,5,3,2,ukraine
2495,8,6,5,2,3,ukraine
2496,8,7,5,3,2,ukraine
2497,9,7,6,3,2,ukraine
2498,9,6,6,3,1,ukraine
2499,8,7,5,2,3,ukraine
2500,9,7,6,2,3,ukraine
2501,10,6,5,2,2,ukraine
2502,9,6,5,3,1,ukraine
2503,8,6,6,3,2,ukraine
2504,9,7,5,3,2,ukraine
2505,4,8,9,2,5,world
2506,8,7,5,3,1,ukraine
2507,10,6,6,2,1,ukraine
2508,9,7,6,3,3,ukraine
2509,8,6,6,2,3,ukraine
2510,9,6,6,2,3,ukraine
2511,8,7,6,3,3,ukraine
2512,3,7,9,2,5,world
2513,8,6,5,3,2,ukraine
2514,10,7,5,3,2,ukraine
2515,8,6,5,2,2,ukraine
2516,8,6,5,3,1,ukraine
2517,10,7,5,2,1,ukraine
2518,8,6,6,2,3,ukraine
2519,9,7,5,2,2,ukraine
2520,10,6,5,2,3,ukraine
2521,9,7,6,3,3,ukraine
2522,8,6,5,2,3,ukraine
2523,3,7,9,4,6,world
2524,3,8,10,3,6,world
2525,4,7,10,2,6,world
2526,8,7,6,3,1,ukraine
2527,8,6,5,3,1,ukraine
2528,9,7,5,3,3,ukraine
2529,10,7,6,2,2,ukraine
2530,3,7,9,4,6,world
2531,10,7,5,3,3,ukraine
2532,4,8,10,2,5,world
2533,8,6,6,2,2,ukraine
2534,4,8,10,2,5,world
2535,9,7,6,3,1,ukraine
2536,10,6,5,2,2,ukraine
2537,8,7,6,2,2,ukraine
2538,9,7,5,2,1,ukraine
2539,10,7,5,3,3,ukraine
2540,9,7,5,2,3,ukraine
2541,10,7,6,2,1,ukraine
2542,10,6,6,3,1,ukraine
2543,8,7,6,2,1,ukraine
2544,10,6,5,2,1,ukraine
2545,8,7,6,2,1,ukraine
2546,3,8,10,4,6,world
2547,9,7,6,3,1,ukraine
2548,10,7,5,3,3,ukraine
2549,10,7,5,2,2,ukraine
2550,4,8,9,3,5,world
2551,9,6,6,3,2,ukraine
2552,10,7,5,2,3,ukraine
2553,10,7,6,2,2,ukraine
2554,9,6,6,2,3,ukraine
2555,10,7,6,2,1,ukraine
2556,10,6,5,3,2,ukraine
2557,4,7,10,2,5,world
2558,10,7,5,3,3,ukraine
2559,10,7,5,3,2,ukraine
2560,8,7,5,2,3,ukraine
2561,9,6,5,2,1,ukraine
2562,9,7,5,3,3,ukraine
2563,10,7,6,3,2,ukraine
2564,10,6,5,2,2,ukraine
2565,9,7,6,2,3,ukraine
2566,10,6,6,2,1,ukraine
2567,10,6,5,2,1,ukraine
2568,10,6,6,2,3,ukraine
2569,9,7,5,2,3,ukraine
2570,9,6,6,3,1,ukraine
2571,9,6,5,3,3,ukraine
2572,8,6,5,2,1,ukraine
2573,8,7,5,3,2,ukraine
2574,3,7,10,3,6,world
2575,4,8,9,4,6,world
2576,4,8,9,2,6,world
2577,9,7,6,3,1,ukraine
2578,3,8,10,2,6,world
2579,4,8,9,4,5,world
2580,8,6,6,2,2,ukraine
2581,9,7,6,2,2,ukraine
2582,3,7,10,3,5,world
2583,8,6,6,3,3,ukraine
2584,10,6,6,3,2,ukraine
2585,10,6,6,2,1,ukraine
2586,10,6,5,3,2,ukraine
2587,10,7,5,2,3,ukraine
2588,10,7,5,3,1,ukraine
2589,10,7,6,3,3,ukraine
2590,4,7,9,3,6,world
2591,10,6,6,3,1,ukraine
2592,9,7,6,2,2,ukraine
2593,9,6,5,2,2,ukraine
2594,9,7,6,2,1,ukraine
2595,8,7,5,2,2,ukraine
2596,10,7,5,2,2,ukraine
2597,8,7,6,2,3,ukraine
2598,8,6,5,3,1,ukraine
2599,8,6,6,3,2,ukraine
2600,10,6,6,3,3,ukraine
2601,3,7,10,4,6,world
2602,9,7,5,2,3,ukraine
2603,8,7,5,3,3,ukraine
2604,10,7,6,3,3,ukraine
2605,10,6,5,3,3,ukraine
2606,9,7,5,2,2,ukraine
2607,9,6,5,3,1,ukraine
2608,9,7,6,2,1,ukraine
2609,4,7,10,4,5,world
2610,10,6,5,2,1,ukraine
2611,9,7,5,2,3,ukraine
2612,4,7,10,4,5,world
2613,9,6,6,3,2,ukraine
2614,8,6,5,2,2,ukraine
2615,8,6,6,2,2,ukraine
2616,8,6,6,2,2,ukraine
2617,3,7,9,4,6,world
2618,8,7,6,3,1,ukraine
2619,10,6,6,3,2,ukraine
2620,9,7,5,2,3,ukraine
2621,9,6,6,2,2,ukraine
2622,10,6,5,3,3,ukraine
2623,3,7,9,3,6,world
2624,8,6,5,2,3,ukraine
2625,9,6,5,2,3,ukraine
2626,8,6,5,2,3,ukraine
2627,9,7,5,2,3,ukraine
2628,10,7,6,2,2,ukraine
2629,3,8,9,3,6,world
2630,9,6,6,3,2,ukraine
2631,8,6,6,3,1,ukraine
2632,10,6,6,3,3,ukraine
2633,8,6,5,3,2,ukraine
2634,8,7,6,3,1,ukraine
2635,3,7,10,2,6,world
2636,9,7,5,3,3,ukraine
2637,8,7,6,2,3,ukraine
2638,3,7,9,2,6,world
2639,10,6,5,2,1,ukraine
2640,8,6,5,2,1,ukraine
2641,4,7,10,3,5,world
2642,8,7,5,2,3,ukraine
2643,9,6,6,2,1,ukraine
2644,8,7,5,2,1,ukraine
2645,8,6,6,3,3,ukraine
2646,8,7,5,3,1,ukraine
2647,4,7,10,3,5,world
2648,8,7,5,2,1,ukraine
2649,9,7,6,2,2,ukraine
2650,8,7,5,2,2,ukraine
2651,9,7,6,2,1,ukraine
2652,9,6,6,3,3,ukraine
2653,8,6,5,2,3,ukraine
2654,8,6,5,2,3,ukraine
2655,10,6,6,3,3,ukraine
2656,10,6,5,3,3,ukraine
2657,10,7,5,3,3,ukraine
2658,9,6,5,3,3,ukraine
2659,8,7,6,2,1,ukraine
2660,9,6,5,2,3,ukraine
2661,10,6,6,3,1,ukraine
2662,9,6,5,3,2,ukraine
2663,8,7,6,2,1,ukraine
2664,9,6,6,3,1,ukraine
2665,8,7,6,2,2,ukraine
2666,8,7,6,3,3,ukraine
2667,9,7,6,3,2,ukraine
2668,8,7,5,2,3,ukraine
2669,9,6,6,3,3,ukraine
2670,10,6,6,3,1,ukraine
2671,10,7,5,3,2,ukraine
2672,9,7,6,2,3,ukraine
2673,10,7,6,2,3,ukraine
2674,9,6,6,2,3,ukraine
2675,8,6,5,3,2,ukraine
2676,9,6,6,3,3,ukraine
2677,3,7,10,2,6,world
2678,10,7,5,2,3,ukraine
2679,4,7,9,2,5,world
2680,9,6,6,3,2,ukraine
2681,9,6,6,2,3,ukraine
2682,9,6,5,3,1,ukraine
2683,9,7,5,3,1,ukraine
2684,9,6,5,3,1,ukraine
2685,9,7,6,2,2,ukraine
2686,9,6,5,2,3,ukraine
2687,9,7,5,2,3,ukraine
2688,10,7,6,2,3,ukraine
2689,8,6,6,2,3,ukraine
2690,9,6,6,2,1,ukraine
2691,4,7,10,2,5,world
2692,10,7,6,3,3,ukraine
2693,9,7,5,2,3,ukraine
2694,4,7,10,3,5,world
2695,9,6,5,3,3,ukraine
2696,3,8,10,4,5,world
2697,3,8,10,3,6,world
2698,10,6,6,3,3,ukraine
2699,4,8,9,3,5,world
2700,8,6,5,3,2,ukraine
2701,8,7,6,2,2,ukraine
2702,10,6,5,3,3,ukraine
2703,9,6,5,2,2,ukraine
2704,9,6,5,3,1,ukraine
2705,9,7,6,3,1,ukraine
2706,8,6,5,2,3,ukraine
2707,10,7,6,2,1,ukraine
2708,8,7,5,3,1,ukraine
2709,9,7,6,2,3,ukraine
2710,10,6,5,3,2,ukraine
2711,8,6,5,3,2,ukraine
2712,10,6,5,2,1,ukraine
2713,9,7,5,3,1,ukraine
2714,10,6,6,2,1,ukraine
2715,9,6,6,3,2,ukraine
2716,10,6,6,3,2,ukraine
2717,8,7,5,3,3,ukraine
2718,9,6,5,2,3,ukraine
2719,3,8,9,4,5,world
2720,10,7,5,3,3,ukraine
2721,3,8,10,3,5,world
2722,8,7,6,2,2,ukraine
2723,8,6,5,3,2,ukraine
2724,9,7,5,2,1,ukraine
2725,8,6,6,2,1,ukraine
2726,8,7,6,2,1,ukraine
2727,9,6,6,2,1,ukraine
2728,9,6,5,2,2,ukraine
2729,8,7,6,3,3,ukraine
2730,8,7,5,3,1,ukraine
2731,9,6,5,3,1,ukraine
2732,8,7,6,2,1,ukraine
2733,10,7,6,2,1,ukraine
2734,9,7,6,2,3,ukraine
2735,8,6,6,2,1,ukraine
2736,8,6,5,3,3,ukraine
2737,8,7,6,2,3,ukraine
2738,9,6,6,2,1,ukraine
2739,8,7,5,2,2,ukraine
2740,8,6,6,3,1,ukraine
2741,9,6,5,3,3,ukraine
2742,9,7,6,2,2,ukraine
2743,3,7,10,3,5,world
2744,9,7,6,2,2,ukraine
2745,8,6,6,2,2,ukraine
2746,10,7,5,2,2,ukraine
2747,10,6,5,2,2,ukraine
2748,3,8,10,3,6,world
2749,3,8,10,4,5,world
2750,10,7,6,3,2,ukraine
2751,8,6,6,3,1,ukraine
2752,9,6,6,3,2,ukraine
2753,4,8,10,4,6,world
2754,9,7,6,3,1,ukraine
2755,9,6,5,2,3,ukraine
2756,9,6,5,2,1,ukraine
2757,8,6,6,3,2,ukraine
2758,9,7,6,2,1,ukraine
2759,10,7,5,3,2,ukraine
2760,9,7,6,2,2,ukraine
2761,10,7,5,3,1,ukraine
2762,9,7,6,2,3,ukraine
2763,8,6,6,3,2,ukraine
2764,8,7,5,2,3,ukraine
2765,9,6,6,3,1,ukraine
2766,8,7,6,2,1,ukraine
2767,8,7,5,3,1,ukraine
2768,10,6,5,2,2,ukraine
2769,10,6,5,2,2,ukraine
2770,10,7,6,2,2,ukraine
2771,9,7,5,3,3,ukraine
2772,8,6,6,2,1,ukraine
2773,8,6,5,3,1,ukraine
2774,9,6,5,3,1,ukraine
2775,10,7,5,2,3,ukraine
2776,10,6,6,3,3,ukraine
2777,3,8,9,2,5,world
2778,9,6,5,2,3,ukraine
2779,8,6,6,2,1,ukraine
2780,8,7,6,3,3,ukraine
2781,3,8,9,2,5,world
2782,8,7,5,2,3,ukraine
2783,8,7,5,3,2,ukraine
2784,9,7,5,2,1,ukraine
2785,10,6,5,3,3,ukraine
2786,8,6,6,3,3,ukraine
2787,8,7,6,2,2,ukraine
2788,10,7,6,3,1,ukraine
2789,9,7,6,3,1,ukraine
2790,4,8,10,4,5,world
2791,8,6,5,2,3,ukraine
2792,10,7,5,2,1,ukraine
2793,10,7,5,2,3,ukraine
2794,10,7,5,3,1,ukraine
2795,9,7,6,3,2,ukraine
2796,8,6,5,2,2,ukraine
2797,9,6,6,2,2,ukraine
2798,3,8,9,3,6,world
2799,9,6,5,2,3,ukraine
2800,10,6,6,2,1,ukraine
2801,9,7,6,2,3,ukraine
2802,8,7,6,2,3,ukraine
2803,10,7,6,3,1,ukraine
2804,10,6,6,3,2,ukraine
2805,9,6,5,2,3,ukraine
2806,9,6,6,2,1,ukraine
2807,9,6,5,3,3,ukraine
2808,10,7,5,2,2,ukraine
2809,10,6,5,3,3,ukraine
2810,9,6,5,3,1,ukraine
2811,8,6,6,3,1,ukraine
2812,4,7,9,4,5,world
2813,8,6,6,2,2,ukraine
2814,10,7,6,2,2,ukraine
2815,8,6,5,3,2,ukraine
2816,9,6,6,3,3,ukraine
2817,10,6,5,2,1,ukraine
2818,10,6,6,2,1,ukraine
2819,9,7,6,2,2,ukraine
2820,8,7,6,2,1,ukraine
2821,9,6,5,3,2,ukraine
2822,9,7,6,3,3,ukraine
2823,8,6,5,3,1,ukraine
2824,3,7,10,4,5,world
2825,10,7,5,3,1,ukraine
2826,10,6,5,3,3,ukraine
2827,9,7,5,3,3,ukraine
2828,10,6,5,2,3,ukraine
2829,8,6,5,2,3,ukraine
2830,9,6,6,2,2,ukraine
2831,10,6,6,3,2,ukraine
2832,8,7,6,2,3,ukraine
2833,9,7,6,2,2,ukraine
2834,8,6,5,3,3,ukraine
2835,8,6,6,2,2,ukraine
2836,9,7,6,2,3,ukraine
2837,10,6,5,3,1,ukraine
2838,10,6,5,2,3,ukraine
2839,9,7,5,2,2,ukraine
2840,10,6,5,3,1,ukraine
2841,10,6,6,3,1,ukraine
2842,4,8,9,4,5,world
2843,9,6,6,3,2,ukraine
2844,9,6,5,2,3,ukraine
2845,10,6,6,3,1,ukraine
2846,8,6,5,3,2,ukraine
2847,4,8,9,4,5,world
2848,8,7,5,2,2,ukraine
2849,4,8,9,4,6,world
2850,3,8,9,2,5,world
2851,10,7,6,2,1,ukraine
2852,9,6,5,2,1,ukraine
2853,10,6,5,3,1,ukraine
2854,3,7,10,4,5,world
2855,8,6,6,2,2,ukraine
2856,3,7,10,2,5,world
2857,8,6,5,2,3,ukraine
2858,10,7,6,2,1,ukraine
2859,10,7,5,3,1,ukraine
2860,10,7,5,2,2,ukraine
2861,9,7,6,2,1,ukraine
2862,3,8,10,4,6,world
2863,9,6,5,2,1,ukraine
2864,10,7,5,3,1,ukraine
2865,8,6,5,3,3,ukraine
2866,10,6,5,2,1,ukraine
2867,10,7,6,3,2,ukraine
2868,10,7,6,2,3,ukraine
2869,10,6,6,3,3,ukraine
2870,10,6,6,2,3,ukraine
2871,8,6,5,2,1,ukraine
2872,9,7,6,3,1,ukraine
2873,9,7,5,3,2,ukraine
2874,9,6,6,3,1,ukraine
2875,4,7,9,2,5,world
2876,9,7,6,3,1,ukraine
2877,4,7,10,2,5,world
2878,8,6,6,2,3,ukraine
2879,10,6,6,2,2,ukraine
2880,8,7,5,3,1,ukraine
2881,10,7,6,3,1,ukraine
2882,10,7,6,2,1,ukraine
2883,3,8,10,3,6,world
2884,9,6,5,3,2,ukraine
2885,8,6,6,2,2,ukraine
2886,9,7,5,3,2,ukraine
2887,8,6,6,2,1,ukraine
2888,9,6,6,2,2,ukraine
2889,8,6,6,2,2,ukraine
2890,9,6,6,2,1,ukraine
2891,3,7,10,4,6,world
2892,9,6,6,3,3,ukraine
2893,10,6,6,2,2,ukraine
2894,10,7,6,2,1,ukraine
2895,3,8,10,3,5,world
2896,9,7,6,2,2,ukraine
2897,3,7,9,2,5,world
2898,10,6,6,3,2,ukraine
2899,9,7,6,2,3,ukraine
2900,10,7,5,2,1,ukraine
2901,8,6,5,2,1,ukraine
2902,9,7,5,3,1,ukraine
2903,4,8,9,4,6,world
2904,9,6,6,3,2,ukraine
2905,3,8,9,3,5,world
2906,9,6,5,3,3,ukraine
2907,10,6,5,3,2,ukraine
2908,8,6,6,2,3,ukraine
2909,3,8,9,2,5,world
2910,9,7,6,3,2,ukraine
2911,9,6,5,3,1,ukraine
2912,8,7,6,3,3,ukraine
2913,9,7,6,3,3,ukraine
2914,3,7,9,4,5,world
2915,4,7,9,2,5,world
2916,8,7,6,3,3,ukraine
2917,10,6,5,3,2,ukraine
2918,3,7,9,2,5,world
2919,8,7,5,3,3,ukraine
2920,3,7,9,3,5,world
2921,10,7,6,2,1,ukraine
2922,9,6,5,3,3,ukraine
2923,8,7,5,3,1,ukraine
2924,9,6,6,3,3,ukraine
2925,4,7,10,3,5,world
2926,10,6,6,3,3,ukraine
2927,9,7,5,2,2,ukraine
2928,9,7,5,3,3,ukraine
2929,8,6,6,3,3,ukraine
2930,10,7,5,2,3,ukraine
2931,3,7,10,4,6,world
2932,8,6,6,2,3,ukraine
2933,4,8,10,4,5,world
2934,8,6,5,3,2,ukraine
2935,8,6,6,2,2,ukraine
2936,9,7,6,3,3,ukraine
2937,8,7,6,2,3,ukraine
2938,10,6,6,2,1,ukraine
2939,8,6,6,3,3,ukraine
2940,8,7,5,3,2,ukraine
2941,10,6,5,3,3,ukraine
2942,8,6,6,2,2,ukraine
2943,8,7,5,2,1,ukraine
2944,10,6,6,3,3,ukraine
2945,10,7,6,3,1,ukraine
2946,10,7,5,2,3,ukraine
2947,8,6,6,3,3,ukraine
2948,8,6,6,2,3,ukraine
2949,10,7,6,3,2,ukraine
2950,8,6,6,3,1,ukraine
2951,10,7,6,2,3,ukraine
2952,10,6,6,3,2,ukraine
2953,9,6,5,2,3,ukraine
2954,8,6,6,2,1,ukraine
2955,10,7,5,3,1,ukraine
2956,9,6,6,2,1,ukraine
2957,8,6,6,3,3,ukraine
2958,10,6,6,3,2,ukraine
2959,10,7,5,2,3,ukraine
2960,10,6,5,3,1,ukraine
2961,4,7,9,2,5,world
2962,4,8,10,3,5,world
2963,9,6,5,2,3,ukraine
2964,8,7,5,3,2,ukraine
2965,8,6,6,3,1,ukraine
2966,8,7,5,3,1,ukraine
2967,4,8,9,3,5,world
2968,9,7,6,2,3,ukraine
2969,10,6,5,3,1,ukraine
2970,10,6,5,3,2,ukraine
2971,9,7,5,3,3,ukraine
2972,8,6,5,2,1,ukraine
2973,9,7,5,2,2,ukraine
2974,10,7,6,3,3,ukraine
2975,8,7,6,2,1,ukraine
2976,8,6,5,2,3,ukraine
2977,8,7,5,2,2,ukraine
2978,9,7,6,3,1,ukraine
2979,9,7,6,2,2,ukraine
2980,9,7,6,2,2,ukraine
2981,8,6,6,2,1,ukraine
2982,4,7,10,3,5,world
2983,3,8,9,2,5,world
2984,9,7,6,3,1,ukraine
2985,8,6,6,3,2,ukraine
2986,9,6,5,3,1,ukraine
2987,8,7,5,2,2,ukraine
2988,8,6,6,3,2,ukraine
2989,8,6,5,3,2,ukraine
2990,8,7,5,3,1,ukraine
2991,3,7,10,3,5,world
2992,10,6,5,2,1,ukraine
2993,8,6,6,2,2,ukraine
2994,9,6,6,3,2,ukraine
2995,10,6,5,3,3,ukraine
2996,8,6,5,3,3,ukraine
2997,3,8,10,2,5,world
2998,10,6,5,2,3,ukraine
2999,3,7,9,2,6,world
3000,8,7,5,2,1,ukraine
