id,month,product,bd,city,spending
1,9,premium,2010-04-09,Chernivtsi,392.01
2,5,vpn,2010-04-01,Chernivtsi,173.02
3,6,tv,2010-04-02,Kharkiv,411.74
4,9,vpn,2004-09-24,Zaporizhzhia,486.7
5,10,premium,1954-01-25,Zaporizhzhia,204.29
6,4,roaming,2015-07-13,Kharkiv,438.82
7,5,tv,1999-09-16,Zaporizhzhia,141.0
8,12,mobile,2004-06-12,Khmelnytskyi,283.21
9,3,gaming,1934-01-19,Luhansk,47.29
10,10,roaming,2016-11-11,Khmelnytskyi,476.61
11,4,gaming,2004-06-26,Chernihiv,25.26
12,6,vpn,2016-02-26,Odesa,48.47
13,1,premium,1994-10-09,Ternopil,239.15
14,4,roaming,2011-09-01,Chernivtsi,273.53
15,6,gaming,2016-02-02,Lviv,171.25
16,8,tv,1969-04-08,Uzhhorod,165.53
17,2,premium,1989-07-11,Poltava,319.98
18,4,vpn,1969-07-15,Rivne,486.61
19,10,roaming,2016-05-09,Zaporizhzhia,213.7
20,2,gaming,1979-12-05,Kropyvnytskyi,213.57
21,6,premium,1974-08-14,Uzhhorod,98.82
22,5,roaming,2016-03-13,Ivano-Frankivsk,4.17
23,4,mobile,2004-08-24,Kyiv,315.48
24,10,roaming,1989-11-24,Uzhhorod,286.6
25,10,premium,1989-11-25,Ivano-Frankivsk,319.64
26,10,tv,2016-01-01,Mykolaiv,195.54
27,11,tv,1949-12-14,Cherkasy,262.92
28,1,vpn,2004-05-21,Cherkasy,241.55
29,3,gaming,2012-01-23,Kharkiv,210.51
30,11,premium,1999-05-25,Ivano-Frankivsk,257.15
31,4,gaming,2015-10-11,Chernivtsi,53.36
32,9,mobile,2015-01-03,Zaporizhzhia,125.55
33,4,tv,1954-07-16,Luhansk,386.18
34,2,tv,1989-02-23,Kharkiv,425.83
35,11,gaming,1939-03-26,Cherkasy,40.61
36,3,premium,2015-06-19,Uzhhorod,129.47
37,12,premium,2014-06-03,Khmelnytskyi,68.19
38,3,roaming,1974-02-09,Vinnytsia,275.65
39,2,gaming,1999-08-21,Vinnytsia,253.18
40,10,premium,1979-11-13,Kropyvnytskyi,366.47
41,2,vpn,1964-10-16,Cherkasy,414.48
42,2,roaming,1979-03-04,Dnipro,150.95
43,5,roaming,1999-03-04,Rivne,375.23
44,5,roaming,1974-08-17,Uzhhorod,126.77
45,5,vpn,1984-10-16,Mykolaiv,257.9
46,9,cloud,1974-12-04,Khmelnytskyi,23.64
47,11,vpn,1984-11-02,Luhansk,359.73
48,11,cloud,2004-08-19,Poltava,478.78
49,7,mobile,1999-04-27,Zaporizhzhia,39.1
50,7,tv,1959-02-02,Cherkasy,228.31
51,4,cloud,2012-11-26,Kropyvnytskyi,429.75
52,4,vpn,1999-11-19,Odesa,0.7
53,12,cloud,1994-06-12,Mykolaiv,417.24
54,3,premium,1954-12-20,Kyiv,415.89
55,8,vpn,1964-06-04,Mykolaiv,202.17
56,2,mobile,1994-08-13,Chernihiv,306.38
57,5,gaming,2004-09-08,Poltava,181.93
58,4,cloud,2015-02-06,Uzhhorod,92.16
59,7,vpn,1944-07-10,Rivne,380.04
60,11,tv,2013-07-06,Chernivtsi,299.8
61,8,roaming,1969-02-07,Ternopil,240.5
62,11,tv,1979-07-05,Mykolaiv,99.01
63,10,mobile,1984-01-12,Dnipro,47.49
64,5,vpn,1994-01-20,Cherkasy,469.24
65,7,cloud,2014-10-28,Poltava,232.16
66,6,vpn,2004-10-28,Chernihiv,72.68
67,1,vpn,2004-03-18,Odesa,315.89
68,9,mobile,2004-12-11,Kyiv,229.46
69,11,mobile,1934-03-03,Dnipro,425.5
70,3,mobile,1994-01-18,Luhansk,91.6
71,12,vpn,2004-08-19,Mykolaiv,119.42
72,8,tv,2014-09-14,Chernivtsi,267.04
73,2,mobile,2015-08-19,Chernivtsi,258.52
74,7,tv,1999-11-03,Khmelnytskyi,181.83
75,8,tv,2012-01-14,Mykolaiv,120.15
76,1,gaming,2016-04-18,Poltava,81.53
77,1,tv,2015-01-03,Vinnytsia,239.14
78,5,premium,1964-12-09,Chernivtsi,499.78
79,8,roaming,1989-07-04,Zaporizhzhia,274.52
80,6,mobile,1979-08-03,Ivano-Frankivsk,444.75
81,1,roaming,1984-06-03,Kharkiv,29.96
82,2,mobile,1994-09-02,Dnipro,160.47
83,1,roaming,1999-05-24,Kharkiv,280.36
84,9,vpn,1999-01-25,Uzhhorod,106.21
85,10,vpn,2015-12-08,Odesa,151.47
86,10,roaming,1994-09-02,Chernihiv,192.64
87,3,roaming,2004-01-01,Kyiv,320.73
88,5,roaming,2011-09-17,Kropyvnytskyi,30.44
89,4,gaming,1974-08-09,Uzhhorod,13.78
90,7,roaming,1984-02-25,Uzhhorod,105.71
91,3,gaming,2004-09-22,Lviv,14.37
92,11,vpn,2012-08-26,Luhansk,192.47
93,11,mobile,1994-06-16,Ivano-Frankivsk,146.72
94,1,gaming,1994-08-03,Cherkasy,323.7
95,1,roaming,2004-07-02,Khmelnytskyi,209.17
96,12,cloud,1984-08-24,Cherkasy,13.77
97,12,vpn,1979-02-05,Chernihiv,23.69
98,2,gaming,1999-10-24,Uzhhorod,423.24
99,10,mobile,2014-04-15,Sumy,185.79
100,6,cloud,1969-07-11,Dnipro,36.44
101,5,tv,2012-01-26,Chernihiv,225.98
102,4,vpn,1994-06-07,Sumy,346.36
103,6,premium,2012-01-04,Cherkasy,372.45
104,9,tv,1959-10-21,Khmelnytskyi,57.88
105,7,cloud,2013-02-13,Vinnytsia,403.44
106,3,tv,2011-07-05,Luhansk,81.64
107,10,premium,1994-08-10,Lviv,497.21
108,8,mobile,1999-02-05,Poltava,121.0
109,9,cloud,1979-08-25,Chernihiv,422.87
110,1,tv,1954-10-08,Chernivtsi,324.63
111,8,vpn,1994-04-20,Mykolaiv,285.38
112,4,roaming,1994-10-12,Vinnytsia,423.13
113,10,roaming,1964-03-22,Luhansk,369.16
114,1,cloud,2012-05-24,Odesa,127.74
115,5,mobile,2012-02-24,Ivano-Frankivsk,231.93
116,2,vpn,2004-04-04,Poltava,304.83
117,2,cloud,1999-05-05,Ternopil,161.38
118,5,vpn,1949-07-17,Odesa,199.16
119,5,vpn,1974-08-09,Uzhhorod,329.66
120,10,mobile,2011-01-14,Kropyvnytskyi,116.21
121,9,cloud,1984-03-04,Poltava,97.7
122,3,roaming,1994-10-26,Chernihiv,462.12
123,4,cloud,1934-09-09,Lviv,429.96
124,1,mobile,1999-06-25,Zaporizhzhia,391.5
125,11,vpn,2010-08-04,Chernivtsi,411.93
126,5,premium,2013-08-05,Kharkiv,300.47
127,11,tv,1999-01-21,Chernihiv,260.65
128,8,gaming,1969-11-07,Cherkasy,419.43
129,5,tv,1989-08-18,Chernihiv,193.89
130,12,gaming,2014-07-09,Chernihiv,192.31
131,1,cloud,1949-07-16,Lviv,84.41
132,11,premium,2010-06-22,Odesa,495.47
133,7,vpn,2016-01-08,Poltava,309.22
134,11,roaming,2013-09-14,Cherkasy,373.65
135,1,mobile,2012-02-13,Kropyvnytskyi,41.61
136,12,mobile,2016-10-17,Sumy,491.0
137,3,premium,1979-02-05,Cherkasy,3.96
138,11,tv,2010-05-12,Cherkasy,234.42
139,1,gaming,2014-10-07,Dnipro,386.06
140,12,cloud,2013-12-17,Rivne,205.92
141,5,mobile,2014-09-06,Odesa,375.49
142,3,tv,1984-07-15,Odesa,236.75
143,4,mobile,2014-08-16,Ternopil,176.39
144,12,cloud,1989-01-23,Chernihiv,288.31
145,12,cloud,1984-11-02,Kyiv,77.01
146,5,premium,1969-07-22,Kropyvnytskyi,141.3
147,4,roaming,2004-08-10,Vinnytsia,35.12
148,1,tv,1979-03-20,Khmelnytskyi,69.44
149,9,premium,1989-02-19,Khmelnytskyi,167.23
150,6,vpn,1989-05-04,Ivano-Frankivsk,398.3
151,6,roaming,1979-06-05,Lviv,258.27
152,1,cloud,1979-09-08,Khmelnytskyi,18.73
153,12,mobile,1959-11-12,Kharkiv,263.26
154,6,premium,2016-02-06,Mykolaiv,326.2
155,9,tv,2013-12-14,Kropyvnytskyi,0.73
156,3,cloud,2016-05-27,Cherkasy,60.32
157,11,mobile,1979-04-08,Ivano-Frankivsk,347.19
158,8,gaming,1989-12-25,Sumy,360.33
159,4,premium,1979-11-24,Dnipro,339.5
160,12,cloud,1979-03-10,Ternopil,91.89
161,8,tv,1999-12-01,Kyiv,24.59
162,7,tv,1964-02-22,Kyiv,371.7
163,4,premium,2015-03-02,Sumy,73.15
164,6,premium,2013-08-03,Khmelnytskyi,202.17
165,10,roaming,1964-04-04,Mykolaiv,245.06
166,6,cloud,1974-10-26,Lviv,314.27
167,1,roaming,1974-10-01,Cherkasy,256.15
168,10,roaming,1984-05-15,Kyiv,326.73
169,5,gaming,2004-01-17,Kyiv,488.95
170,1,premium,1999-08-01,Lviv,144.85
171,1,premium,2015-09-03,Cherkasy,294.59
172,1,roaming,1999-10-12,Vinnytsia,2.11
173,8,vpn,1969-06-17,Uzhhorod,107.76
174,8,cloud,2004-07-05,Ternopil,316.04
175,7,gaming,1974-02-03,Kyiv,324.25
176,1,vpn,1984-09-04,Sumy,334.29
177,7,mobile,1994-04-03,Zaporizhzhia,386.61
178,8,tv,2010-12-01,Dnipro,345.75
179,10,cloud,1984-11-02,Vinnytsia,53.71
180,3,vpn,2012-02-10,Lviv,194.41
181,1,mobile,2011-11-09,Khmelnytskyi,389.81
182,11,mobile,2010-04-12,Rivne,179.88
183,7,mobile,1979-10-27,Kharkiv,70.1
184,2,premium,1994-03-04,Vinnytsia,307.83
185,9,cloud,1999-05-18,Kropyvnytskyi,481.78
186,9,roaming,2014-10-06,Odesa,408.51
187,12,vpn,2010-03-16,Lviv,497.94
188,6,vpn,1999-10-19,Mykolaiv,219.09
189,2,tv,1999-09-08,Odesa,164.03
190,5,mobile,1974-08-24,Uzhhorod,248.09
191,9,vpn,1999-02-05,Cherkasy,184.53
192,4,mobile,1964-05-25,Ternopil,249.56
193,11,tv,1989-08-06,Kharkiv,383.16
194,7,mobile,1969-07-26,Odesa,16.67
195,2,mobile,2004-12-02,Ivano-Frankivsk,151.25
196,9,mobile,1964-05-11,Poltava,255.3
197,10,tv,1989-12-27,Luhansk,146.4
198,5,roaming,1964-05-16,Ivano-Frankivsk,288.77
199,10,mobile,2014-05-15,Sumy,393.4
200,11,tv,2014-10-05,Chernihiv,136.24
201,6,gaming,2012-05-10,Ivano-Frankivsk,159.98
202,6,tv,1974-07-08,Mykolaiv,62.54
203,12,cloud,1979-09-22,Sumy,76.88
204,4,roaming,1979-01-13,Cherkasy,473.14
205,5,vpn,1994-04-11,Zaporizhzhia,371.34
206,4,vpn,1974-07-03,Khmelnytskyi,436.9
207,6,mobile,1989-07-12,Kyiv,381.29
208,7,gaming,2010-02-04,Vinnytsia,46.2
209,12,premium,1979-05-02,Kharkiv,325.18
210,10,cloud,1969-01-06,Luhansk,272.44
211,7,mobile,2004-03-13,Ternopil,396.93
212,9,premium,2004-10-05,Ternopil,380.2
213,5,cloud,1934-06-12,Khmelnytskyi,434.8
214,11,gaming,1999-05-01,Zaporizhzhia,244.66
215,5,mobile,1999-09-03,Odesa,124.17
216,12,vpn,1969-06-22,Vinnytsia,102.08
217,5,mobile,1959-06-19,Chernivtsi,348.81
218,7,premium,2004-10-14,Rivne,2.47
219,5,cloud,1969-03-16,Ivano-Frankivsk,430.99
220,10,premium,2004-11-08,Ivano-Frankivsk,234.11
221,4,vpn,1994-07-23,Rivne,445.37
222,12,vpn,1954-04-07,Sumy,416.28
223,3,tv,2010-02-21,Khmelnytskyi,14.9
224,9,cloud,2015-05-04,Lviv,153.72
225,8,premium,1994-10-15,Cherkasy,417.78
226,9,tv,2014-10-24,Chernihiv,227.95
227,12,premium,1994-01-23,Cherkasy,271.89
228,3,cloud,1989-01-02,Luhansk,259.66
229,11,vpn,2013-12-23,Khmelnytskyi,464.95
230,7,premium,1979-03-13,Zaporizhzhia,389.67
231,4,vpn,1994-08-24,Lviv,62.48
232,4,premium,2014-01-26,Poltava,453.22
233,6,premium,2010-06-11,Kharkiv,475.53
234,10,gaming,2011-04-09,Vinnytsia,156.81
235,6,vpn,1979-11-12,Rivne,479.75
236,5,cloud,2015-10-01,Ivano-Frankivsk,212.19
237,11,premium,1994-04-04,Uzhhorod,155.84
238,11,vpn,1979-01-07,Uzhhorod,239.75
239,5,cloud,1974-03-09,Cherkasy,100.81
240,11,tv,1949-03-22,Luhansk,376.72
241,11,roaming,2012-10-24,Lviv,295.02
242,7,vpn,2015-06-19,Lviv,107.78
243,12,cloud,1999-02-06,Kropyvnytskyi,113.65
244,11,gaming,2013-09-26,Uzhhorod,98.49
245,11,gaming,1974-02-20,Kyiv,275.37
246,12,roaming,2004-11-24,Ternopil,41.39
247,9,tv,2015-11-11,Chernivtsi,222.41
248,12,mobile,1969-01-02,Chernihiv,163.71
249,4,mobile,1994-04-19,Khmelnytskyi,442.84
250,1,vpn,1994-07-04,Sumy,285.71
251,5,premium,2004-01-21,Vinnytsia,206.81
252,10,gaming,2015-02-01,Chernihiv,46.67
253,2,vpn,1999-06-01,Sumy,417.41
254,9,mobile,1994-07-10,Khmelnytskyi,99.79
255,9,gaming,1999-10-10,Rivne,355.57
256,10,cloud,1979-09-07,Dnipro,157.36
257,5,tv,2010-11-25,Vinnytsia,83.73
258,6,cloud,1964-07-07,Vinnytsia,149.19
259,4,gaming,1979-07-27,Zaporizhzhia,475.02
260,6,mobile,2011-04-18,Chernivtsi,430.54
261,5,mobile,2011-02-24,Luhansk,427.74
262,6,premium,1934-10-08,Odesa,409.5
263,12,gaming,1984-05-24,Kropyvnytskyi,221.16
264,12,premium,1979-11-20,Luhansk,463.06
265,3,cloud,1954-09-08,Uzhhorod,134.12
266,3,premium,1979-12-17,Rivne,402.36
267,10,tv,1984-09-07,Dnipro,373.05
268,11,premium,2016-11-27,Kharkiv,214.29
269,11,mobile,1994-02-23,Lviv,328.06
270,6,mobile,1989-04-14,Mykolaiv,171.33
271,3,roaming,1979-05-06,Cherkasy,176.46
272,1,gaming,1964-08-20,Luhansk,40.72
273,10,tv,2004-11-01,Luhansk,373.76
274,11,roaming,2015-11-12,Dnipro,163.04
275,4,mobile,1999-02-21,Cherkasy,282.19
276,9,cloud,1969-09-13,Luhansk,211.48
277,2,vpn,1994-11-03,Ternopil,398.73
278,8,tv,1994-12-10,Vinnytsia,82.13
279,3,mobile,2011-03-10,Uzhhorod,202.08
280,12,premium,2015-11-03,Khmelnytskyi,293.37
281,3,premium,1974-01-01,Ivano-Frankivsk,360.64
282,9,gaming,1999-12-13,Ternopil,285.26
283,1,tv,1964-08-27,Ivano-Frankivsk,139.97
284,8,vpn,2014-02-15,Chernivtsi,44.96
285,3,cloud,1974-11-21,Khmelnytskyi,23.18
286,2,premium,2004-09-09,Kropyvnytskyi,346.21
287,4,gaming,1989-04-13,Lviv,159.98
288,9,tv,1989-10-14,Kharkiv,39.65
289,7,tv,1954-01-28,Poltava,282.88
290,6,gaming,1979-12-23,Mykolaiv,439.35
291,1,gaming,1979-07-11,Vinnytsia,103.8
292,11,gaming,2004-03-21,Ivano-Frankivsk,126.21
293,12,premium,2014-04-11,Sumy,281.94
294,10,premium,1979-05-14,Lviv,441.09
295,12,cloud,1969-11-14,Luhansk,212.31
296,5,cloud,1974-01-04,Dnipro,18.11
297,11,tv,2015-07-02,Ternopil,451.11
298,9,premium,1984-06-11,Ivano-Frankivsk,437.31
299,4,tv,2004-07-12,Zaporizhzhia,318.22
300,3,vpn,1994-05-01,Rivne,131.71
301,7,premium,2004-09-08,Sumy,245.64
302,8,gaming,2016-10-23,Uzhhorod,431.43
303,6,vpn,1984-12-13,Kropyvnytskyi,99.49
304,1,vpn,1989-07-26,Zaporizhzhia,77.65
305,1,cloud,1994-11-14,Odesa,342.19
306,10,tv,1989-08-05,Luhansk,280.35
307,10,tv,2012-08-07,Kharkiv,467.91
308,6,gaming,1999-02-20,Luhansk,310.06
309,2,tv,1994-06-02,Luhansk,305.86
310,1,mobile,2013-12-11,Zaporizhzhia,156.21
311,12,tv,2010-05-28,Ivano-Frankivsk,63.47
312,12,vpn,2010-09-16,Chernivtsi,300.64
313,8,gaming,2011-06-21,Poltava,46.61
314,2,mobile,1974-04-17,Khmelnytskyi,267.29
315,10,mobile,1969-10-02,Kharkiv,475.31
316,11,tv,2011-03-20,Luhansk,113.99
317,6,premium,1984-05-04,Cherkasy,346.87
318,12,gaming,2011-12-04,Khmelnytskyi,226.05
319,3,premium,1954-10-01,Rivne,418.79
320,6,vpn,1984-11-27,Odesa,58.97
321,9,gaming,1999-08-21,Chernivtsi,60.7
322,8,cloud,2004-04-09,Poltava,425.96
323,9,gaming,1979-12-28,Zaporizhzhia,156.19
324,7,roaming,1989-12-21,Odesa,472.25
325,2,gaming,1969-08-07,Uzhhorod,35.24
326,2,premium,1984-01-16,Zaporizhzhia,298.36
327,1,premium,2012-09-10,Luhansk,73.77
328,11,mobile,1989-05-15,Ivano-Frankivsk,92.61
329,3,tv,1959-05-12,Kropyvnytskyi,321.33
330,9,roaming,1944-07-24,Luhansk,282.74
331,10,roaming,2004-05-17,Kharkiv,378.07
332,6,tv,2010-04-13,Rivne,110.88
333,3,roaming,1984-03-01,Khmelnytskyi,85.37
334,11,vpn,2010-08-17,Lviv,411.9
335,12,premium,2012-11-21,Lviv,241.42
336,11,premium,2004-12-28,Chernihiv,327.27
337,3,mobile,2010-08-04,Sumy,246.79
338,4,premium,1964-10-17,Luhansk,258.66
339,9,mobile,1989-08-08,Kharkiv,335.85
340,3,roaming,2004-10-08,Odesa,220.83
341,4,gaming,1959-07-17,Lviv,162.65
342,4,cloud,1984-07-18,Ivano-Frankivsk,35.4
343,11,vpn,1944-09-22,Odesa,421.42
344,8,gaming,1954-01-14,Sumy,2.18
345,6,premium,1969-12-26,Cherkasy,55.91
346,12,cloud,2004-09-05,Ivano-Frankivsk,477.54
347,6,premium,2011-09-17,Ternopil,431.3
348,12,tv,1994-11-01,Uzhhorod,314.26
349,5,cloud,1989-10-13,Ternopil,356.74
350,2,tv,2012-10-15,Dnipro,308.48
351,12,vpn,2014-07-24,Chernivtsi,195.64
352,3,cloud,2010-05-11,Uzhhorod,453.68
353,12,cloud,1949-08-23,Ternopil,396.15
354,4,mobile,1964-01-15,Poltava,468.83
355,3,cloud,2014-01-07,Kharkiv,378.99
356,9,gaming,2015-10-22,Uzhhorod,18.88
357,4,vpn,1959-03-07,Lviv,119.22
358,3,tv,2015-07-21,Kropyvnytskyi,149.34
359,7,tv,1974-03-07,Rivne,498.11
360,5,cloud,1984-01-05,Vinnytsia,310.82
361,9,cloud,2004-03-27,Khmelnytskyi,433.76
362,11,mobile,1989-06-16,Cherkasy,448.09
363,12,premium,2013-07-21,Poltava,115.57
364,2,premium,1934-11-11,Vinnytsia,59.23
365,9,gaming,1999-06-15,Luhansk,353.79
366,1,vpn,1994-09-09,Cherkasy,245.72
367,6,cloud,2004-10-01,Uzhhorod,46.84
368,3,roaming,1969-10-28,Kropyvnytskyi,386.01
369,7,gaming,1994-08-21,Sumy,383.02
370,1,tv,1984-05-07,Chernihiv,29.76
371,2,mobile,1994-02-01,Zaporizhzhia,18.45
372,12,mobile,2011-07-17,Chernivtsi,183.22
373,5,gaming,1984-02-17,Khmelnytskyi,142.03
374,2,cloud,1969-08-03,Dnipro,371.63
375,4,gaming,1984-07-06,Luhansk,165.0
376,1,cloud,1994-01-24,Ternopil,255.15
377,2,vpn,2004-06-22,Sumy,291.34
378,6,gaming,2004-11-06,Vinnytsia,5.44
379,5,premium,2004-01-18,Odesa,337.94
380,1,cloud,1989-06-12,Ivano-Frankivsk,306.86
381,12,gaming,1979-12-13,Rivne,310.78
382,11,gaming,2011-02-12,Rivne,201.98
383,5,cloud,1979-05-22,Rivne,353.78
384,8,roaming,1984-03-15,Luhansk,48.11
385,2,premium,1974-01-12,Sumy,172.1
386,8,tv,2015-03-10,Uzhhorod,273.34
387,10,mobile,1984-05-11,Cherkasy,161.61
388,8,gaming,2014-08-10,Odesa,92.87
389,12,cloud,2004-09-05,Rivne,478.94
390,4,cloud,1964-11-09,Kyiv,419.12
391,7,gaming,1999-05-13,Kyiv,492.08
392,2,cloud,1949-10-17,Odesa,293.76
393,4,tv,2016-08-22,Chernihiv,419.37
394,8,roaming,2011-12-09,Vinnytsia,434.71
395,7,tv,1979-12-18,Kropyvnytskyi,276.7
396,1,cloud,2014-08-19,Dnipro,468.69
397,7,cloud,2013-12-28,Rivne,29.53
398,11,tv,1989-10-12,Dnipro,358.42
399,3,gaming,1969-03-25,Kharkiv,343.4
400,9,premium,1974-04-08,Vinnytsia,127.61
401,8,gaming,1994-10-06,Chernivtsi,271.42
402,11,gaming,2014-12-26,Kyiv,41.53
403,10,gaming,1979-02-15,Luhansk,50.43
404,11,tv,2014-11-20,Zaporizhzhia,308.21
405,6,cloud,2012-12-27,Ivano-Frankivsk,69.61
406,6,cloud,2004-11-13,Kyiv,133.19
407,7,cloud,1999-04-06,Chernihiv,72.76
408,5,premium,2014-03-26,Kharkiv,157.45
409,9,premium,1964-04-03,Uzhhorod,89.8
410,1,mobile,1989-03-17,Ivano-Frankivsk,352.5
411,7,tv,2004-12-17,Khmelnytskyi,45.75
412,7,premium,1999-07-23,Kharkiv,459.73
413,11,roaming,1999-11-11,Odesa,180.91
414,1,vpn,1974-05-03,Dnipro,207.83
415,2,vpn,1994-02-28,Chernivtsi,422.04
416,8,mobile,1954-02-13,Ivano-Frankivsk,148.99
417,3,vpn,2014-10-07,Kharkiv,119.08
418,5,cloud,1954-06-04,Chernivtsi,220.94
419,4,premium,2012-08-24,Sumy,264.45
420,1,gaming,2014-08-27,Poltava,328.68
421,3,roaming,1959-10-19,Lviv,266.46
422,5,premium,1979-03-10,Kyiv,179.91
423,1,premium,1939-10-04,Uzhhorod,388.57
424,3,roaming,2010-05-06,Kyiv,463.05
425,7,vpn,2014-10-09,Kyiv,364.88
426,6,gaming,1999-12-02,Poltava,432.12
427,8,tv,1969-07-28,Cherkasy,87.96
428,11,gaming,1949-07-17,Chernihiv,33.42
429,8,mobile,1979-10-25,Mykolaiv,149.72
430,2,cloud,1959-09-10,Mykolaiv,369.12
431,5,cloud,2013-01-05,Ivano-Frankivsk,86.9
432,6,roaming,1939-02-03,Uzhhorod,376.06
433,2,mobile,1974-07-10,Chernivtsi,484.85
434,3,premium,2012-09-13,Kharkiv,0.67
435,6,roaming,1969-03-18,Chernivtsi,150.21
436,11,mobile,1959-07-05,Vinnytsia,222.58
437,4,gaming,1979-01-04,Odesa,377.01
438,8,gaming,2012-10-16,Zaporizhzhia,473.53
439,5,mobile,2012-10-11,Ternopil,74.24
440,1,gaming,1999-06-28,Poltava,87.78
441,5,premium,1999-07-18,Khmelnytskyi,380.68
442,3,tv,1964-07-20,Rivne,112.72
443,3,mobile,2010-12-20,Ivano-Frankivsk,238.3
444,5,mobile,1979-08-08,Khmelnytskyi,80.6
445,9,cloud,1979-03-18,Cherkasy,401.79
446,5,premium,2012-09-20,Chernivtsi,78.12
447,3,gaming,2013-04-21,Luhansk,111.03
448,6,vpn,1964-06-22,Kropyvnytskyi,171.15
449,11,tv,1994-03-26,Odesa,100.73
450,3,mobile,2004-11-20,Vinnytsia,231.27
451,10,gaming,2013-05-24,Rivne,25.92
452,11,vpn,2004-09-08,Ivano-Frankivsk,70.48
453,7,tv,2015-10-22,Odesa,387.66
454,2,tv,1979-02-10,Uzhhorod,308.06
455,10,cloud,2010-08-02,Vinnytsia,304.45
456,9,cloud,1999-08-11,Lviv,224.58
457,12,tv,2012-08-13,Ivano-Frankivsk,110.97
458,3,roaming,1994-11-17,Lviv,19.82
459,8,mobile,2011-04-20,Chernivtsi,197.17
460,3,gaming,1984-09-18,Poltava,184.49
461,2,premium,1999-02-27,Ternopil,300.17
462,9,tv,1999-01-18,Dnipro,409.18
463,5,premium,1999-10-28,Rivne,267.05
464,3,mobile,2004-05-01,Zaporizhzhia,141.27
465,8,gaming,1999-01-19,Lviv,196.85
466,12,mobile,1999-11-25,Ternopil,281.65
467,8,cloud,2015-07-02,Sumy,293.93
468,3,tv,1979-07-19,Cherkasy,237.74
469,9,roaming,1999-09-03,Khmelnytskyi,454.01
470,9,tv,1969-10-05,Lviv,130.59
471,12,mobile,2010-05-11,Lviv,277.47
472,3,vpn,1994-12-14,Lviv,160.96
473,12,vpn,2014-11-24,Kyiv,224.04
474,6,mobile,2011-01-03,Vinnytsia,249.86
475,11,cloud,2015-03-25,Mykolaiv,463.86
476,4,tv,1944-01-27,Ternopil,222.18
477,10,vpn,1979-07-14,Rivne,147.28
478,10,premium,1994-09-02,Zaporizhzhia,300.01
479,10,roaming,2004-07-03,Kropyvnytskyi,164.89
480,6,mobile,2013-01-23,Zaporizhzhia,381.18
481,4,premium,1984-08-12,Kharkiv,147.62
482,5,premium,1949-07-11,Ternopil,299.56
483,2,tv,1959-08-06,Chernihiv,63.36
484,7,cloud,2004-11-22,Kharkiv,201.73
485,12,gaming,2010-07-19,Vinnytsia,109.26
486,12,cloud,1954-04-21,Mykolaiv,132.75
487,2,roaming,2012-12-08,Dnipro,302.43
488,2,vpn,1989-09-15,Lviv,59.36
489,8,cloud,1989-11-22,Ivano-Frankivsk,18.92
490,7,gaming,2015-10-23,Chernivtsi,100.17
491,6,premium,2016-05-22,Poltava,426.74
492,11,mobile,2011-12-09,Chernihiv,216.69
493,5,cloud,1994-02-16,Poltava,373.48
494,6,cloud,1984-08-02,Kropyvnytskyi,216.11
495,10,vpn,2010-12-12,Chernivtsi,374.07
496,12,vpn,2011-06-22,Poltava,425.59
497,1,premium,1974-04-11,Rivne,14.84
498,9,vpn,1999-04-21,Rivne,392.07
499,7,cloud,2011-05-19,Poltava,205.49
500,8,cloud,1979-11-18,Poltava,300.43
501,12,gaming,2015-08-25,Kyiv,223.99
502,11,mobile,1969-01-06,Mykolaiv,189.01
503,6,roaming,1994-04-14,Lviv,254.71
504,12,premium,1984-03-26,Sumy,69.58
505,5,tv,1969-06-28,Zaporizhzhia,494.46
506,1,tv,2004-10-03,Kropyvnytskyi,499.83
507,9,vpn,2013-12-13,Mykolaiv,310.82
508,4,mobile,2016-09-19,Lviv,225.81
509,9,tv,2014-08-24,Chernivtsi,3.09
510,11,vpn,2014-10-06,Zaporizhzhia,440.9
511,5,vpn,1964-06-17,Ternopil,254.51
512,4,vpn,1989-07-15,Odesa,277.56
513,6,mobile,2015-08-22,Luhansk,317.25
514,8,cloud,1979-01-27,Zaporizhzhia,321.57
515,7,premium,2012-02-06,Kharkiv,455.24
516,12,mobile,1979-05-08,Dnipro,396.17
517,10,roaming,1994-07-09,Kropyvnytskyi,457.24
518,9,gaming,2004-12-15,Zaporizhzhia,126.97
519,12,gaming,1979-12-07,Chernivtsi,246.69
520,6,mobile,1979-06-03,Khmelnytskyi,211.48
521,3,vpn,1939-04-10,Cherkasy,432.36
522,8,roaming,2004-08-04,Kharkiv,386.08
523,12,vpn,1989-11-12,Uzhhorod,275.71
524,5,tv,2015-10-23,Mykolaiv,113.69
525,12,mobile,2010-03-10,Zaporizhzhia,9.25
526,5,cloud,1954-09-05,Vinnytsia,8.15
527,10,mobile,2004-01-11,Khmelnytskyi,111.38
528,3,mobile,2004-05-06,Ternopil,21.08
529,11,mobile,1979-11-18,Kyiv,109.48
530,11,gaming,1934-04-08,Sumy,451.93
531,4,vpn,1964-04-20,Sumy,428.12
532,12,roaming,2013-12-22,Dnipro,83.79
533,7,vpn,1979-05-08,Khmelnytskyi,196.06
534,1,roaming,2010-10-24,Uzhhorod,263.15
535,1,premium,1989-01-10,Chernivtsi,443.82
536,8,gaming,2014-11-23,Mykolaiv,140.27
537,9,gaming,2014-01-27,Sumy,165.83
538,11,gaming,1974-04-15,Uzhhorod,201.82
539,5,mobile,1989-05-11,Lviv,291.74
540,3,cloud,1969-09-14,Sumy,102.88
541,6,tv,2011-02-13,Ternopil,68.21
542,10,mobile,1959-11-27,Khmelnytskyi,277.5
543,2,vpn,2010-08-05,Ivano-Frankivsk,87.18
544,9,cloud,2004-05-16,Rivne,293.28
545,6,mobile,2013-11-22,Poltava,298.07
546,4,tv,1994-04-05,Uzhhorod,305.89
547,8,cloud,2016-09-17,Khmelnytskyi,424.25
548,3,premium,2014-10-06,Chernihiv,184.84
549,7,roaming,1984-12-25,Luhansk,437.12
550,12,roaming,1984-03-22,Chernihiv,85.81
551,6,gaming,1969-06-16,Luhansk,436.81
552,5,tv,1964-09-01,Ternopil,22.93
553,3,mobile,1974-08-26,Khmelnytskyi,199.13
554,4,roaming,1979-10-01,Vinnytsia,86.5
555,9,premium,1959-05-14,Luhansk,404.24
556,9,vpn,2015-10-16,Dnipro,225.01
557,12,premium,1994-05-13,Kropyvnytskyi,98.1
558,9,gaming,2010-04-02,Poltava,6.48
559,10,gaming,2014-10-05,Chernihiv,124.63
560,6,cloud,2010-04-21,Poltava,436.0
561,1,roaming,2004-08-27,Rivne,370.8
562,7,vpn,1999-11-10,Odesa,285.0
563,11,gaming,1944-01-15,Poltava,53.31
564,2,gaming,2016-04-07,Kyiv,235.69
565,11,tv,1994-02-16,Sumy,300.84
566,11,vpn,1994-10-08,Chernivtsi,182.25
567,11,mobile,2012-03-02,Chernihiv,53.13
568,4,premium,1974-06-28,Cherkasy,107.21
569,8,vpn,2012-06-09,Poltava,118.94
570,9,mobile,1959-08-18,Dnipro,173.11
571,7,gaming,1974-06-18,Dnipro,186.03
572,4,cloud,2012-03-09,Kyiv,352.61
573,11,cloud,1999-01-01,Kyiv,344.72
574,8,tv,1944-11-27,Khmelnytskyi,39.08
575,2,mobile,1994-08-11,Lviv,95.11
576,9,vpn,2013-10-20,Mykolaiv,281.59
577,4,gaming,1984-12-06,Luhansk,286.52
578,4,cloud,2011-08-21,Sumy,430.76
579,8,gaming,1989-09-05,Luhansk,257.51
580,8,gaming,1989-02-23,Kropyvnytskyi,198.81
581,10,vpn,1969-10-01,Uzhhorod,333.32
582,2,mobile,2014-11-02,Kyiv,238.36
583,6,roaming,2004-04-18,Kyiv,144.17
584,5,vpn,1989-10-16,Uzhhorod,0.65
585,12,roaming,2004-11-22,Kropyvnytskyi,362.59
586,6,gaming,1954-10-19,Kropyvnytskyi,380.71
587,3,gaming,1999-01-27,Cherkasy,29.91
588,10,roaming,2014-03-27,Dnipro,188.04
589,12,cloud,1994-01-15,Khmelnytskyi,262.15
590,3,tv,1989-11-02,Chernihiv,265.13
591,12,mobile,1989-07-01,Zaporizhzhia,466.83
592,5,premium,2011-08-22,Dnipro,71.04
593,10,premium,1989-08-20,Kharkiv,236.62
594,11,vpn,2010-11-12,Kharkiv,10.21
595,9,tv,1994-02-20,Dnipro,16.79
596,5,vpn,1994-05-16,Vinnytsia,443.39
597,1,cloud,2004-12-05,Ternopil,166.38
598,6,premium,2015-07-26,Luhansk,291.8
599,10,gaming,1979-12-06,Vinnytsia,303.93
600,1,tv,2012-12-10,Ivano-Frankivsk,120.14
601,10,premium,1989-09-16,Vinnytsia,283.95
602,11,vpn,2014-07-08,Kyiv,185.97
603,2,cloud,2016-10-21,Cherkasy,316.45
604,7,roaming,2011-12-24,Mykolaiv,227.78
605,3,mobile,2014-10-23,Odesa,17.42
606,12,tv,2011-12-12,Lviv,379.59
607,6,tv,1984-03-01,Poltava,15.54
608,6,mobile,1979-04-28,Vinnytsia,147.2
609,2,cloud,1989-06-05,Odesa,440.84
610,12,tv,1969-10-28,Sumy,453.63
611,2,tv,2013-10-25,Khmelnytskyi,355.48
612,9,tv,2011-11-19,Dnipro,244.29
613,3,cloud,2004-09-08,Kropyvnytskyi,363.28
614,9,premium,1974-12-17,Lviv,76.92
615,6,tv,1999-06-27,Zaporizhzhia,205.37
616,1,gaming,1969-03-03,Chernihiv,326.09
617,11,cloud,2004-01-16,Kyiv,499.66
618,11,tv,1984-06-25,Cherkasy,81.92
619,2,mobile,2016-12-13,Ivano-Frankivsk,382.54
620,2,tv,1979-12-19,Odesa,64.0
621,8,mobile,2012-04-23,Zaporizhzhia,456.64
622,5,mobile,2016-11-22,Uzhhorod,278.93
623,11,cloud,1994-11-05,Zaporizhzhia,51.24
624,5,gaming,1994-07-08,Sumy,62.35
625,8,premium,1984-11-01,Vinnytsia,112.38
626,10,mobile,1999-12-22,Zaporizhzhia,217.68
627,11,premium,1959-12-24,Cherkasy,362.76
628,5,mobile,1969-09-12,Khmelnytskyi,339.43
629,10,vpn,1959-07-14,Kropyvnytskyi,59.61
630,9,premium,1984-01-12,Zaporizhzhia,327.19
631,2,premium,1969-03-24,Zaporizhzhia,203.13
632,6,tv,2012-12-21,Mykolaiv,183.53
633,5,gaming,2012-09-10,Chernihiv,96.88
634,10,roaming,2004-01-25,Kyiv,406.59
635,4,roaming,1994-02-16,Khmelnytskyi,448.0
636,1,premium,1994-01-01,Ternopil,163.99
637,9,vpn,1989-07-19,Ternopil,22.75
638,2,vpn,2012-11-17,Luhansk,365.01
639,7,mobile,2013-03-23,Lviv,224.62
640,9,gaming,2015-02-03,Kyiv,256.14
641,6,cloud,2012-01-02,Ivano-Frankivsk,418.36
642,9,mobile,1989-06-25,Kharkiv,494.93
643,12,gaming,1959-01-04,Ivano-Frankivsk,269.83
644,7,roaming,1989-03-26,Cherkasy,396.08
645,11,mobile,2014-12-09,Sumy,264.35
646,1,roaming,1994-09-22,Ternopil,191.12
647,4,cloud,2011-12-12,Vinnytsia,287.28
648,5,gaming,1994-09-03,Poltava,364.03
649,3,cloud,1969-04-16,Kharkiv,393.26
650,10,vpn,2011-02-13,Vinnytsia,150.99
651,12,vpn,1984-07-26,Mykolaiv,362.08
652,2,vpn,1999-04-09,Dnipro,302.2
653,5,mobile,1994-03-21,Uzhhorod,104.93
654,3,cloud,1989-05-08,Kropyvnytskyi,136.9
655,12,mobile,1999-04-16,Vinnytsia,475.89
656,7,tv,1934-06-09,Poltava,347.01
657,1,premium,2011-10-13,Kyiv,73.38
658,12,mobile,1994-02-14,Odesa,3.94
659,2,cloud,2010-08-21,Ternopil,59.2
660,4,tv,1999-07-11,Sumy,115.75
661,8,cloud,1999-04-15,Mykolaiv,369.94
662,9,gaming,2015-12-24,Cherkasy,41.8
663,7,roaming,1989-09-23,Ternopil,16.82
664,12,vpn,2016-10-16,Lviv,316.48
665,6,premium,1994-09-08,Vinnytsia,80.82
666,8,gaming,1999-06-28,Lviv,252.81
667,7,gaming,2015-08-02,Dnipro,298.39
668,4,mobile,1954-11-16,Cherkasy,43.81
669,9,cloud,2015-03-05,Mykolaiv,112.68
670,8,mobile,2013-10-19,Ternopil,75.12
671,3,gaming,1994-01-20,Poltava,344.05
672,8,tv,1994-11-08,Kyiv,102.9
673,11,mobile,1984-02-28,Ternopil,155.93
674,10,premium,1974-10-22,Uzhhorod,429.07
675,4,tv,2016-07-07,Cherkasy,304.98
676,9,mobile,1959-03-21,Zaporizhzhia,268.59
677,8,premium,2013-04-19,Chernihiv,325.38
678,4,gaming,1979-06-10,Ternopil,311.56
679,12,roaming,2012-12-20,Cherkasy,173.35
680,12,mobile,1974-03-25,Zaporizhzhia,442.08
681,10,vpn,2004-05-02,Cherkasy,33.69
682,2,roaming,1959-10-04,Uzhhorod,406.82
683,8,cloud,1999-04-13,Dnipro,462.69
684,5,premium,1984-01-01,Ternopil,304.62
685,2,premium,1944-09-02,Kyiv,415.32
686,11,premium,1979-12-28,Cherkasy,454.54
687,6,vpn,2010-04-20,Uzhhorod,42.56
688,2,tv,2013-05-16,Rivne,197.19
689,12,gaming,2014-10-09,Kyiv,481.23
690,11,tv,1979-04-19,Odesa,15.17
691,1,mobile,2014-06-20,Dnipro,441.45
692,7,premium,2015-01-13,Zaporizhzhia,287.09
693,4,roaming,1979-10-17,Kharkiv,171.33
694,1,roaming,1939-10-13,Lviv,382.67
695,2,vpn,2004-06-05,Kyiv,218.33
696,1,cloud,1994-03-12,Vinnytsia,302.23
697,3,cloud,1984-06-09,Lviv,150.43
698,8,vpn,1994-02-27,Vinnytsia,146.09
699,7,premium,1949-12-07,Kharkiv,281.16
700,11,tv,1969-01-01,Khmelnytskyi,306.3
701,6,tv,1999-01-18,Rivne,242.11
702,1,vpn,1949-02-06,Zaporizhzhia,201.27
703,7,gaming,2004-07-18,Mykolaiv,481.78
704,3,mobile,1974-10-27,Chernihiv,388.14
705,9,tv,1989-10-25,Sumy,396.51
706,5,gaming,1969-01-20,Kyiv,45.92
707,7,mobile,2011-12-09,Kyiv,346.74
708,2,gaming,1974-02-02,Dnipro,278.64
709,7,cloud,1989-12-17,Cherkasy,268.31
710,11,mobile,2015-09-28,Kharkiv,78.64
711,7,roaming,2016-01-12,Dnipro,445.24
712,8,gaming,1984-05-05,Sumy,56.57
713,3,vpn,2015-01-25,Rivne,119.61
714,7,mobile,1994-10-27,Cherkasy,304.33
715,8,premium,2010-05-17,Dnipro,292.77
716,4,mobile,1979-03-17,Cherkasy,62.03
717,2,premium,2016-01-10,Kharkiv,436.38
718,1,roaming,1969-11-28,Chernihiv,481.1
719,9,gaming,1984-10-07,Uzhhorod,138.86
720,12,vpn,2004-12-05,Ternopil,415.98
721,3,vpn,2015-01-10,Poltava,291.75
722,4,roaming,1969-09-16,Ivano-Frankivsk,243.43
723,8,premium,1964-09-28,Uzhhorod,300.57
724,10,gaming,1994-10-18,Luhansk,127.6
725,7,tv,1989-02-22,Chernihiv,119.01
726,7,tv,1964-01-23,Chernihiv,391.62
727,9,mobile,1989-04-07,Uzhhorod,430.43
728,9,gaming,2004-09-25,Cherkasy,256.94
729,2,tv,1984-06-02,Vinnytsia,272.47
730,5,premium,1984-04-02,Kharkiv,477.2
731,1,premium,1954-12-06,Poltava,0.55
732,8,gaming,1964-11-12,Kropyvnytskyi,280.01
733,5,roaming,2011-05-09,Lviv,350.36
734,10,cloud,1994-02-12,Chernihiv,101.08
735,8,premium,1969-07-11,Khmelnytskyi,292.78
736,11,gaming,1979-10-25,Kropyvnytskyi,297.81
737,5,vpn,1964-01-03,Kharkiv,117.24
738,10,mobile,2015-08-27,Ivano-Frankivsk,328.91
739,10,mobile,1999-06-19,Uzhhorod,125.95
740,8,tv,2013-05-13,Poltava,109.17
741,11,premium,1974-05-05,Zaporizhzhia,297.48
742,9,cloud,2014-03-05,Ivano-Frankivsk,29.31
743,8,gaming,2010-04-22,Ivano-Frankivsk,473.37
744,12,mobile,2014-04-05,Uzhhorod,410.18
745,9,mobile,1999-03-01,Khmelnytskyi,193.82
746,5,gaming,1984-10-26,Chernihiv,385.34
747,3,vpn,2015-06-15,Chernihiv,481.66
748,2,mobile,1994-01-13,Kyiv,266.78
749,12,tv,1989-11-28,Sumy,312.2
750,6,vpn,1989-04-21,Khmelnytskyi,164.11
751,11,vpn,2013-02-24,Mykolaiv,217.66
752,7,cloud,1999-07-13,Uzhhorod,116.31
753,9,roaming,1994-03-21,Khmelnytskyi,276.19
754,2,gaming,2004-03-01,Kyiv,439.16
755,7,roaming,1979-05-08,Poltava,185.2
756,9,cloud,1969-10-21,Kharkiv,239.16
757,7,gaming,2004-10-20,Kropyvnytskyi,123.74
758,6,roaming,2011-03-07,Poltava,56.78
759,12,premium,1994-01-06,Sumy,90.87
760,2,roaming,1994-07-10,Cherkasy,155.42
761,1,gaming,1989-11-12,Luhansk,60.2
762,5,gaming,1974-03-18,Uzhhorod,153.54
763,1,roaming,1964-09-28,Ivano-Frankivsk,313.38
764,2,premium,2004-05-22,Vinnytsia,151.11
765,2,vpn,2013-11-19,Cherkasy,0.45
766,11,tv,1999-11-14,Ivano-Frankivsk,15.27
767,2,premium,2015-12-13,Khmelnytskyi,27.31
768,1,premium,1999-05-16,Lviv,407.47
769,12,mobile,2012-10-25,Mykolaiv,427.37
770,4,roaming,1969-07-14,Ternopil,405.0
771,11,mobile,1999-01-21,Lviv,472.19
772,4,mobile,1994-10-10,Mykolaiv,149.26
773,7,vpn,1969-09-26,Mykolaiv,74.69
774,3,cloud,2010-03-04,Ivano-Frankivsk,470.12
775,2,tv,2015-08-08,Khmelnytskyi,458.73
776,7,premium,2014-08-11,Sumy,399.64
777,11,tv,2014-04-17,Cherkasy,162.45
778,4,premium,1999-08-01,Chernihiv,241.22
779,7,premium,1989-02-09,Ternopil,191.8
780,6,mobile,1974-12-26,Zaporizhzhia,386.77
781,4,gaming,1969-07-03,Kharkiv,9.49
782,9,cloud,1994-04-16,Lviv,395.25
783,9,cloud,1979-09-15,Chernivtsi,411.64
784,12,gaming,1984-01-04,Cherkasy,276.13
785,4,cloud,1964-03-27,Dnipro,348.1
786,3,cloud,2013-02-26,Kropyvnytskyi,373.49
787,10,vpn,1969-01-16,Cherkasy,287.23
788,12,gaming,1994-01-20,Ivano-Frankivsk,365.91
789,9,premium,2013-03-14,Odesa,383.74
790,8,roaming,1969-03-16,Chernivtsi,336.43
791,11,gaming,2004-01-17,Uzhhorod,41.9
792,11,tv,1989-07-25,Ivano-Frankivsk,90.36
793,12,gaming,1969-04-28,Kharkiv,449.94
794,4,premium,2010-10-09,Luhansk,19.41
795,8,mobile,1969-08-22,Rivne,476.48
796,7,premium,2004-05-14,Dnipro,76.1
797,12,vpn,1999-06-15,Kropyvnytskyi,95.12
798,4,vpn,1999-03-16,Luhansk,389.13
799,5,mobile,2016-03-23,Kyiv,56.91
800,6,vpn,2016-07-24,Odesa,289.71
801,8,cloud,1984-10-22,Kharkiv,279.5
802,6,tv,2015-01-05,Uzhhorod,255.75
803,9,premium,2016-03-09,Lviv,190.55
804,6,mobile,1984-08-03,Mykolaiv,398.58
805,8,vpn,2011-04-13,Kyiv,372.09
806,7,cloud,1979-07-17,Mykolaiv,59.62
807,11,mobile,2010-09-19,Cherkasy,200.14
808,3,mobile,1989-12-27,Poltava,173.26
809,1,tv,1974-02-02,Ternopil,194.26
810,6,roaming,1994-07-17,Khmelnytskyi,99.92
811,10,vpn,1999-11-07,Kharkiv,426.76
812,12,tv,1989-08-28,Vinnytsia,116.95
813,5,gaming,1999-02-25,Lviv,393.03
814,8,gaming,1969-09-23,Khmelnytskyi,97.42
815,2,roaming,1979-08-10,Khmelnytskyi,143.9
816,8,tv,2014-09-19,Kharkiv,10.79
817,12,gaming,2014-01-20,Zaporizhzhia,53.12
818,11,mobile,1979-04-19,Odesa,244.65
819,2,roaming,2010-12-08,Luhansk,471.03
820,11,gaming,1999-08-05,Poltava,248.7
821,6,roaming,1934-04-18,Chernivtsi,87.12
822,5,roaming,2004-05-25,Odesa,208.01
823,11,vpn,1994-10-09,Rivne,232.16
824,9,vpn,2012-02-24,Dnipro,499.05
825,4,gaming,1999-06-23,Ivano-Frankivsk,97.09
826,3,roaming,1959-03-14,Odesa,284.15
827,10,gaming,1984-12-26,Ivano-Frankivsk,422.44
828,4,cloud,1959-07-12,Ivano-Frankivsk,10.79
829,3,premium,1989-12-06,Zaporizhzhia,443.29
830,10,premium,2004-07-08,Mykolaiv,355.09
831,3,mobile,1934-12-24,Mykolaiv,498.03
832,5,cloud,2012-06-18,Mykolaiv,306.82
833,1,roaming,1989-04-20,Vinnytsia,463.42
834,8,cloud,2012-06-06,Uzhhorod,244.07
835,12,vpn,1934-12-05,Kyiv,449.49
836,10,mobile,1959-01-14,Zaporizhzhia,92.13
837,5,mobile,1994-03-04,Luhansk,207.77
838,8,cloud,1969-11-27,Uzhhorod,210.08
839,12,premium,2013-07-08,Odesa,232.19
840,4,cloud,1984-06-13,Luhansk,373.15
841,10,vpn,2012-12-21,Sumy,361.36
842,4,vpn,1964-09-27,Ivano-Frankivsk,416.38
843,7,premium,2016-07-28,Cherkasy,355.18
844,9,gaming,1964-06-26,Dnipro,309.24
845,2,tv,1974-04-02,Sumy,14.42
846,12,roaming,2010-07-21,Vinnytsia,308.68
847,10,roaming,1999-07-22,Kyiv,130.11
848,11,cloud,1984-06-25,Sumy,409.31
849,2,vpn,1984-10-21,Poltava,242.85
850,8,vpn,1989-03-28,Uzhhorod,455.02
851,9,roaming,1969-04-24,Khmelnytskyi,440.34
852,1,gaming,1999-10-08,Sumy,424.49
853,12,cloud,1979-10-03,Chernihiv,104.28
854,4,gaming,1994-10-03,Luhansk,247.94
855,9,gaming,1964-03-14,Kharkiv,110.23
856,9,gaming,1999-10-20,Kropyvnytskyi,178.84
857,9,roaming,1984-07-09,Kyiv,280.13
858,5,roaming,1979-11-13,Kropyvnytskyi,146.58
859,3,gaming,1979-07-25,Mykolaiv,42.16
860,8,cloud,2015-01-24,Uzhhorod,394.75
861,2,vpn,1974-10-18,Cherkasy,449.55
862,3,gaming,2016-01-06,Khmelnytskyi,350.29
863,10,tv,1999-05-28,Kharkiv,147.38
864,12,premium,1994-03-23,Vinnytsia,5.65
865,4,tv,2012-10-22,Ivano-Frankivsk,205.11
866,4,vpn,1984-07-01,Ivano-Frankivsk,383.9
867,2,premium,1989-11-19,Luhansk,26.38
868,6,premium,1974-07-11,Cherkasy,499.46
869,10,cloud,2010-05-18,Uzhhorod,96.23
870,8,roaming,1939-09-01,Chernihiv,142.86
871,9,tv,1954-05-08,Ivano-Frankivsk,398.95
872,12,vpn,2014-12-24,Luhansk,374.01
873,9,vpn,1984-11-05,Kropyvnytskyi,389.69
874,5,tv,2015-10-10,Kharkiv,365.95
875,7,roaming,1974-12-12,Cherkasy,198.53
876,7,mobile,1984-04-19,Mykolaiv,86.58
877,12,roaming,1984-06-16,Sumy,125.49
878,8,tv,1984-10-13,Chernivtsi,428.92
879,5,mobile,1959-04-28,Chernihiv,155.93
880,11,tv,1989-12-03,Poltava,290.99
881,4,tv,1989-06-12,Luhansk,428.84
882,7,cloud,2013-02-14,Dnipro,490.22
883,7,cloud,1959-11-05,Mykolaiv,284.73
884,7,tv,1959-03-19,Mykolaiv,422.28
885,12,roaming,2016-03-09,Mykolaiv,426.49
886,1,vpn,1989-08-10,Odesa,226.82
887,11,gaming,2004-06-11,Cherkasy,152.81
888,2,gaming,2012-09-04,Poltava,403.69
889,4,premium,1989-02-13,Kropyvnytskyi,327.45
890,3,tv,1994-02-08,Poltava,35.22
891,6,gaming,1964-03-26,Poltava,339.65
892,9,premium,2011-01-11,Dnipro,435.32
893,10,mobile,2010-10-16,Chernivtsi,152.97
894,3,premium,1964-07-03,Vinnytsia,336.76
895,12,tv,1964-10-10,Rivne,270.75
896,4,mobile,2014-11-02,Zaporizhzhia,139.47
897,6,mobile,1989-11-21,Lviv,208.77
898,5,vpn,1994-01-19,Khmelnytskyi,147.89
899,12,cloud,2004-02-19,Zaporizhzhia,314.92
900,1,gaming,1949-09-27,Chernivtsi,176.72
901,1,mobile,2012-03-01,Kyiv,345.25
902,12,premium,2004-02-04,Ivano-Frankivsk,105.04
903,10,mobile,2004-08-14,Dnipro,69.55
904,6,cloud,1989-10-04,Lviv,17.12
905,2,vpn,1999-07-09,Chernivtsi,402.71
906,7,gaming,1969-12-27,Kharkiv,314.88
907,12,vpn,1999-09-27,Ivano-Frankivsk,217.74
908,2,cloud,2004-06-04,Sumy,28.83
909,5,roaming,1964-03-07,Ivano-Frankivsk,330.67
910,3,vpn,2013-08-20,Kyiv,202.54
911,3,cloud,1969-01-07,Mykolaiv,366.65
912,1,cloud,1999-01-11,Poltava,365.37
913,3,cloud,2011-11-01,Lviv,173.14
914,5,mobile,2011-08-17,Lviv,48.36
915,12,cloud,2012-11-15,Cherkasy,25.06
916,9,tv,2004-03-13,Sumy,117.58
917,8,cloud,2015-09-04,Kharkiv,120.91
918,8,tv,2015-04-06,Khmelnytskyi,180.93
919,2,premium,1944-04-01,Luhansk,460.24
920,6,roaming,1999-01-26,Vinnytsia,373.12
921,3,roaming,1974-10-11,Zaporizhzhia,124.66
922,7,gaming,1949-09-14,Chernivtsi,122.38
923,6,mobile,1989-01-04,Ivano-Frankivsk,4.75
924,4,gaming,1959-08-07,Odesa,55.54
925,8,roaming,2004-07-24,Luhansk,328.62
926,3,premium,1999-12-01,Rivne,389.2
927,2,vpn,1979-09-02,Poltava,484.83
928,10,premium,1989-09-03,Khmelnytskyi,217.25
929,8,vpn,1989-08-12,Khmelnytskyi,260.8
930,3,tv,1969-05-08,Rivne,74.53
931,5,vpn,1979-02-21,Chernivtsi,302.91
932,12,cloud,2016-08-17,Sumy,250.28
933,11,vpn,1979-10-15,Ternopil,116.29
934,12,vpn,1989-12-07,Kyiv,477.52
935,8,premium,1979-03-28,Chernivtsi,254.18
936,9,vpn,1969-11-19,Chernihiv,118.65
937,2,tv,1994-07-03,Poltava,297.19
938,2,roaming,1954-02-22,Odesa,128.95
939,12,roaming,2013-08-20,Poltava,480.46
940,9,vpn,2013-04-27,Uzhhorod,281.88
941,4,cloud,2010-11-03,Kharkiv,91.44
942,12,cloud,2014-09-21,Mykolaiv,450.23
943,8,tv,2013-03-19,Ivano-Frankivsk,339.21
944,11,vpn,2014-08-28,Ternopil,410.92
945,2,vpn,1984-01-03,Dnipro,357.97
946,7,premium,2004-05-16,Kharkiv,2.23
947,12,premium,1979-07-14,Kharkiv,390.38
948,1,premium,1994-08-15,Uzhhorod,87.82
949,3,premium,2016-04-27,Mykolaiv,164.52
950,3,tv,2004-09-18,Dnipro,102.42
951,7,cloud,1999-07-01,Odesa,232.75
952,5,gaming,1994-02-10,Sumy,190.99
953,4,vpn,2015-01-18,Mykolaiv,401.63
954,3,gaming,1989-01-27,Lviv,140.01
955,11,mobile,1994-09-28,Zaporizhzhia,88.17
956,1,mobile,2015-06-01,Kropyvnytskyi,54.85
957,5,vpn,1949-12-24,Rivne,351.51
958,4,cloud,1984-06-26,Chernivtsi,427.45
959,2,gaming,2014-11-16,Vinnytsia,133.85
960,4,tv,1964-06-17,Kropyvnytskyi,47.22
961,7,cloud,2016-02-24,Poltava,236.97
962,9,gaming,2010-02-24,Rivne,182.31
963,12,vpn,2004-03-09,Lviv,64.17
964,12,roaming,1959-01-03,Ternopil,124.12
965,8,gaming,1984-09-25,Lviv,286.09
966,7,cloud,2011-08-21,Cherkasy,286.3
967,5,mobile,1964-06-09,Lviv,370.73
968,1,roaming,2010-04-22,Ternopil,305.5
969,4,premium,1994-10-28,Ivano-Frankivsk,340.53
970,6,vpn,1964-01-13,Khmelnytskyi,472.8
971,7,gaming,1984-06-27,Chernivtsi,175.4
972,12,mobile,1989-04-14,Khmelnytskyi,271.47
973,8,premium,2013-12-20,Poltava,61.52
974,8,vpn,1969-08-23,Chernihiv,34.27
975,8,gaming,1964-08-23,Ivano-Frankivsk,105.37
976,6,vpn,1999-06-14,Sumy,143.79
977,1,tv,2004-06-03,Ternopil,493.79
978,6,premium,1984-02-17,Chernihiv,450.9
979,10,mobile,1994-07-23,Zaporizhzhia,204.95
980,11,roaming,2004-06-14,Poltava,371.85
981,10,gaming,2016-05-11,Chernihiv,398.62
982,10,roaming,2011-08-01,Sumy,250.75
983,4,cloud,1999-10-06,Vinnytsia,133.81
984,11,vpn,1949-10-23,Dnipro,441.05
985,8,roaming,1999-12-01,Chernihiv,363.4
986,6,tv,1999-05-24,Khmelnytskyi,479.98
987,3,mobile,1994-08-01,Khmelnytskyi,257.55
988,1,premium,2004-07-27,Khmelnytskyi,371.12
989,7,tv,1994-11-10,Vinnytsia,304.32
990,1,gaming,1979-01-13,Rivne,93.36
991,5,roaming,1979-07-02,Mykolaiv,248.39
992,4,tv,2016-03-28,Uzhhorod,12.6
993,4,roaming,1969-02-23,Uzhhorod,104.6
994,4,premium,1989-11-01,Uzhhorod,347.6
995,9,cloud,2014-11-02,Cherkasy,81.21
996,1,mobile,1999-06-07,Poltava,90.25
997,8,cloud,1994-02-03,Ternopil,280.88
998,12,tv,2014-11-05,Chernivtsi,330.81
999,10,gaming,2016-04-04,Chernivtsi,260.0
1000,9,tv,1949-01-26,Mykolaiv,83.09
